dataset_name,oversampling_option,oversampler_name,n_neighbors,take,params
Breast Cancer Wisconsin (Diagnostic),ADVANCED,ADASYN,3,1,216
Breast Cancer Wisconsin (Diagnostic),ADVANCED,ADASYN,3,2,216
Breast Cancer Wisconsin (Diagnostic),ADVANCED,ADASYN,3,3,216
Breast Cancer Wisconsin (Diagnostic),ADVANCED,ADASYN,3,4,216
Breast Cancer Wisconsin (Diagnostic),ADVANCED,ADASYN,3,5,216
Breast Cancer Wisconsin (Diagnostic),ADVANCED,ADASYN,5,1,216
Breast Cancer Wisconsin (Diagnostic),ADVANCED,ADASYN,5,2,216
Breast Cancer Wisconsin (Diagnostic),ADVANCED,ADASYN,5,3,216
Breast Cancer Wisconsin (Diagnostic),ADVANCED,ADASYN,5,4,216
Breast Cancer Wisconsin (Diagnostic),ADVANCED,ADASYN,5,5,216
Breast Cancer Wisconsin (Diagnostic),ADVANCED,ADASYN,7,1,216
Breast Cancer Wisconsin (Diagnostic),ADVANCED,ADASYN,7,2,216
Breast Cancer Wisconsin (Diagnostic),ADVANCED,ADASYN,7,3,216
Breast Cancer Wisconsin (Diagnostic),ADVANCED,ADASYN,7,4,216
Breast Cancer Wisconsin (Diagnostic),ADVANCED,ADASYN,7,5,216
Breast Cancer Wisconsin (Diagnostic),ADVANCED,BorderlineSMOTE,3,1,216
Breast Cancer Wisconsin (Diagnostic),ADVANCED,BorderlineSMOTE,3,2,216
Breast Cancer Wisconsin (Diagnostic),ADVANCED,BorderlineSMOTE,3,3,216
Breast Cancer Wisconsin (Diagnostic),ADVANCED,BorderlineSMOTE,3,4,216
Breast Cancer Wisconsin (Diagnostic),ADVANCED,BorderlineSMOTE,3,5,216
Breast Cancer Wisconsin (Diagnostic),ADVANCED,BorderlineSMOTE,5,1,216
Breast Cancer Wisconsin (Diagnostic),ADVANCED,BorderlineSMOTE,5,2,216
Breast Cancer Wisconsin (Diagnostic),ADVANCED,BorderlineSMOTE,5,3,216
Breast Cancer Wisconsin (Diagnostic),ADVANCED,BorderlineSMOTE,5,4,216
Breast Cancer Wisconsin (Diagnostic),ADVANCED,BorderlineSMOTE,5,5,216
Breast Cancer Wisconsin (Diagnostic),ADVANCED,BorderlineSMOTE,7,1,216
Breast Cancer Wisconsin (Diagnostic),ADVANCED,BorderlineSMOTE,7,2,216
Breast Cancer Wisconsin (Diagnostic),ADVANCED,BorderlineSMOTE,7,3,216
Breast Cancer Wisconsin (Diagnostic),ADVANCED,BorderlineSMOTE,7,4,216
Breast Cancer Wisconsin (Diagnostic),ADVANCED,BorderlineSMOTE,7,5,216
Breast Cancer Wisconsin (Diagnostic),ADVANCED,SMOTE,3,1,216
Breast Cancer Wisconsin (Diagnostic),ADVANCED,SMOTE,3,2,216
Breast Cancer Wisconsin (Diagnostic),ADVANCED,SMOTE,3,3,216
Breast Cancer Wisconsin (Diagnostic),ADVANCED,SMOTE,3,4,216
Breast Cancer Wisconsin (Diagnostic),ADVANCED,SMOTE,3,5,216
Breast Cancer Wisconsin (Diagnostic),ADVANCED,SMOTE,5,1,216
Breast Cancer Wisconsin (Diagnostic),ADVANCED,SMOTE,5,2,216
Breast Cancer Wisconsin (Diagnostic),ADVANCED,SMOTE,5,3,216
Breast Cancer Wisconsin (Diagnostic),ADVANCED,SMOTE,5,4,216
Breast Cancer Wisconsin (Diagnostic),ADVANCED,SMOTE,5,5,216
Breast Cancer Wisconsin (Diagnostic),ADVANCED,SMOTE,7,1,216
Breast Cancer Wisconsin (Diagnostic),ADVANCED,SMOTE,7,2,216
Breast Cancer Wisconsin (Diagnostic),ADVANCED,SMOTE,7,3,216
Breast Cancer Wisconsin (Diagnostic),ADVANCED,SMOTE,7,4,216
Breast Cancer Wisconsin (Diagnostic),ADVANCED,SMOTE,7,5,216
Breast Cancer Wisconsin (Diagnostic),BASIC,ADASYN,3,1,216
Breast Cancer Wisconsin (Diagnostic),BASIC,ADASYN,3,2,216
Breast Cancer Wisconsin (Diagnostic),BASIC,ADASYN,3,3,216
Breast Cancer Wisconsin (Diagnostic),BASIC,ADASYN,3,4,216
Breast Cancer Wisconsin (Diagnostic),BASIC,ADASYN,3,5,216
Breast Cancer Wisconsin (Diagnostic),BASIC,ADASYN,5,1,216
Breast Cancer Wisconsin (Diagnostic),BASIC,ADASYN,5,2,216
Breast Cancer Wisconsin (Diagnostic),BASIC,ADASYN,5,3,216
Breast Cancer Wisconsin (Diagnostic),BASIC,ADASYN,5,4,216
Breast Cancer Wisconsin (Diagnostic),BASIC,ADASYN,5,5,216
Breast Cancer Wisconsin (Diagnostic),BASIC,ADASYN,7,1,216
Breast Cancer Wisconsin (Diagnostic),BASIC,ADASYN,7,2,216
Breast Cancer Wisconsin (Diagnostic),BASIC,ADASYN,7,3,216
Breast Cancer Wisconsin (Diagnostic),BASIC,ADASYN,7,4,216
Breast Cancer Wisconsin (Diagnostic),BASIC,ADASYN,7,5,216
Breast Cancer Wisconsin (Diagnostic),BASIC,BorderlineSMOTE,3,1,216
Breast Cancer Wisconsin (Diagnostic),BASIC,BorderlineSMOTE,3,2,216
Breast Cancer Wisconsin (Diagnostic),BASIC,BorderlineSMOTE,3,3,216
Breast Cancer Wisconsin (Diagnostic),BASIC,BorderlineSMOTE,3,4,216
Breast Cancer Wisconsin (Diagnostic),BASIC,BorderlineSMOTE,3,5,216
Breast Cancer Wisconsin (Diagnostic),BASIC,BorderlineSMOTE,5,1,216
Breast Cancer Wisconsin (Diagnostic),BASIC,BorderlineSMOTE,5,2,216
Breast Cancer Wisconsin (Diagnostic),BASIC,BorderlineSMOTE,5,3,216
Breast Cancer Wisconsin (Diagnostic),BASIC,BorderlineSMOTE,5,4,216
Breast Cancer Wisconsin (Diagnostic),BASIC,BorderlineSMOTE,5,5,216
Breast Cancer Wisconsin (Diagnostic),BASIC,BorderlineSMOTE,7,1,216
Breast Cancer Wisconsin (Diagnostic),BASIC,BorderlineSMOTE,7,2,216
Breast Cancer Wisconsin (Diagnostic),BASIC,BorderlineSMOTE,7,3,216
Breast Cancer Wisconsin (Diagnostic),BASIC,BorderlineSMOTE,7,4,216
Breast Cancer Wisconsin (Diagnostic),BASIC,BorderlineSMOTE,7,5,216
Breast Cancer Wisconsin (Diagnostic),BASIC,SMOTE,3,1,216
Breast Cancer Wisconsin (Diagnostic),BASIC,SMOTE,3,2,216
Breast Cancer Wisconsin (Diagnostic),BASIC,SMOTE,3,3,216
Breast Cancer Wisconsin (Diagnostic),BASIC,SMOTE,3,4,216
Breast Cancer Wisconsin (Diagnostic),BASIC,SMOTE,3,5,216
Breast Cancer Wisconsin (Diagnostic),BASIC,SMOTE,5,1,216
Breast Cancer Wisconsin (Diagnostic),BASIC,SMOTE,5,2,216
Breast Cancer Wisconsin (Diagnostic),BASIC,SMOTE,5,3,216
Breast Cancer Wisconsin (Diagnostic),BASIC,SMOTE,5,4,216
Breast Cancer Wisconsin (Diagnostic),BASIC,SMOTE,5,5,216
Breast Cancer Wisconsin (Diagnostic),BASIC,SMOTE,7,1,216
Breast Cancer Wisconsin (Diagnostic),BASIC,SMOTE,7,2,216
Breast Cancer Wisconsin (Diagnostic),BASIC,SMOTE,7,3,216
Breast Cancer Wisconsin (Diagnostic),BASIC,SMOTE,7,4,216
Breast Cancer Wisconsin (Diagnostic),BASIC,SMOTE,7,5,216
Ionosphere,ADVANCED,ADASYN,3,1,216
Ionosphere,ADVANCED,ADASYN,3,2,216
Ionosphere,ADVANCED,ADASYN,3,3,216
Ionosphere,ADVANCED,ADASYN,3,4,216
Ionosphere,ADVANCED,ADASYN,3,5,216
Ionosphere,ADVANCED,ADASYN,5,1,216
Ionosphere,ADVANCED,ADASYN,5,2,216
Ionosphere,ADVANCED,ADASYN,5,3,216
Ionosphere,ADVANCED,ADASYN,5,4,216
Ionosphere,ADVANCED,ADASYN,5,5,216
Ionosphere,ADVANCED,ADASYN,7,1,216
Ionosphere,ADVANCED,ADASYN,7,2,216
Ionosphere,ADVANCED,ADASYN,7,3,216
Ionosphere,ADVANCED,ADASYN,7,4,216
Ionosphere,ADVANCED,ADASYN,7,5,216
Ionosphere,ADVANCED,BorderlineSMOTE,3,1,216
Ionosphere,ADVANCED,BorderlineSMOTE,3,2,216
Ionosphere,ADVANCED,BorderlineSMOTE,3,3,216
Ionosphere,ADVANCED,BorderlineSMOTE,3,4,216
Ionosphere,ADVANCED,BorderlineSMOTE,3,5,216
Ionosphere,ADVANCED,BorderlineSMOTE,5,1,216
Ionosphere,ADVANCED,BorderlineSMOTE,5,2,216
Ionosphere,ADVANCED,BorderlineSMOTE,5,3,216
Ionosphere,ADVANCED,BorderlineSMOTE,5,4,216
Ionosphere,ADVANCED,BorderlineSMOTE,5,5,216
Ionosphere,ADVANCED,BorderlineSMOTE,7,1,216
Ionosphere,ADVANCED,BorderlineSMOTE,7,2,216
Ionosphere,ADVANCED,BorderlineSMOTE,7,3,216
Ionosphere,ADVANCED,BorderlineSMOTE,7,4,216
Ionosphere,ADVANCED,BorderlineSMOTE,7,5,216
Ionosphere,ADVANCED,SMOTE,3,1,216
Ionosphere,ADVANCED,SMOTE,3,2,216
Ionosphere,ADVANCED,SMOTE,3,3,216
Ionosphere,ADVANCED,SMOTE,3,4,216
Ionosphere,ADVANCED,SMOTE,3,5,216
Ionosphere,ADVANCED,SMOTE,5,1,216
Ionosphere,ADVANCED,SMOTE,5,2,216
Ionosphere,ADVANCED,SMOTE,5,3,216
Ionosphere,ADVANCED,SMOTE,5,4,216
Ionosphere,ADVANCED,SMOTE,5,5,216
Ionosphere,ADVANCED,SMOTE,7,1,216
Ionosphere,ADVANCED,SMOTE,7,2,216
Ionosphere,ADVANCED,SMOTE,7,3,216
Ionosphere,ADVANCED,SMOTE,7,4,216
Ionosphere,ADVANCED,SMOTE,7,5,216
Ionosphere,BASIC,ADASYN,3,1,216
Ionosphere,BASIC,ADASYN,3,2,216
Ionosphere,BASIC,ADASYN,3,3,216
Ionosphere,BASIC,ADASYN,3,4,216
Ionosphere,BASIC,ADASYN,3,5,216
Ionosphere,BASIC,ADASYN,5,1,216
Ionosphere,BASIC,ADASYN,5,2,216
Ionosphere,BASIC,ADASYN,5,3,216
Ionosphere,BASIC,ADASYN,5,4,216
Ionosphere,BASIC,ADASYN,5,5,216
Ionosphere,BASIC,ADASYN,7,1,216
Ionosphere,BASIC,ADASYN,7,2,216
Ionosphere,BASIC,ADASYN,7,3,216
Ionosphere,BASIC,ADASYN,7,4,216
Ionosphere,BASIC,ADASYN,7,5,216
Ionosphere,BASIC,BorderlineSMOTE,3,1,216
Ionosphere,BASIC,BorderlineSMOTE,3,2,216
Ionosphere,BASIC,BorderlineSMOTE,3,3,216
Ionosphere,BASIC,BorderlineSMOTE,3,4,216
Ionosphere,BASIC,BorderlineSMOTE,3,5,216
Ionosphere,BASIC,BorderlineSMOTE,5,1,216
Ionosphere,BASIC,BorderlineSMOTE,5,2,216
Ionosphere,BASIC,BorderlineSMOTE,5,3,216
Ionosphere,BASIC,BorderlineSMOTE,5,4,216
Ionosphere,BASIC,BorderlineSMOTE,5,5,216
Ionosphere,BASIC,BorderlineSMOTE,7,1,216
Ionosphere,BASIC,BorderlineSMOTE,7,2,216
Ionosphere,BASIC,BorderlineSMOTE,7,3,216
Ionosphere,BASIC,BorderlineSMOTE,7,4,216
Ionosphere,BASIC,BorderlineSMOTE,7,5,216
Ionosphere,BASIC,SMOTE,3,1,216
Ionosphere,BASIC,SMOTE,3,2,216
Ionosphere,BASIC,SMOTE,3,3,216
Ionosphere,BASIC,SMOTE,3,4,216
Ionosphere,BASIC,SMOTE,3,5,216
Ionosphere,BASIC,SMOTE,5,1,216
Ionosphere,BASIC,SMOTE,5,2,216
Ionosphere,BASIC,SMOTE,5,3,216
Ionosphere,BASIC,SMOTE,5,4,216
Ionosphere,BASIC,SMOTE,5,5,216
Ionosphere,BASIC,SMOTE,7,1,216
Ionosphere,BASIC,SMOTE,7,2,216
Ionosphere,BASIC,SMOTE,7,3,216
Ionosphere,BASIC,SMOTE,7,4,216
Ionosphere,BASIC,SMOTE,7,5,216
Pima Indians Diabetes,ADVANCED,ADASYN,3,1,216
Pima Indians Diabetes,ADVANCED,ADASYN,3,2,216
Pima Indians Diabetes,ADVANCED,ADASYN,3,3,216
Pima Indians Diabetes,ADVANCED,ADASYN,3,4,216
Pima Indians Diabetes,ADVANCED,ADASYN,3,5,216
Pima Indians Diabetes,ADVANCED,ADASYN,5,1,216
Pima Indians Diabetes,ADVANCED,ADASYN,5,2,216
Pima Indians Diabetes,ADVANCED,ADASYN,5,3,216
Pima Indians Diabetes,ADVANCED,ADASYN,5,4,216
Pima Indians Diabetes,ADVANCED,ADASYN,5,5,216
Pima Indians Diabetes,ADVANCED,ADASYN,7,1,216
Pima Indians Diabetes,ADVANCED,ADASYN,7,2,216
Pima Indians Diabetes,ADVANCED,ADASYN,7,3,216
Pima Indians Diabetes,ADVANCED,ADASYN,7,4,216
Pima Indians Diabetes,ADVANCED,ADASYN,7,5,216
Pima Indians Diabetes,ADVANCED,BorderlineSMOTE,3,1,216
Pima Indians Diabetes,ADVANCED,BorderlineSMOTE,3,2,216
Pima Indians Diabetes,ADVANCED,BorderlineSMOTE,3,3,216
Pima Indians Diabetes,ADVANCED,BorderlineSMOTE,3,4,216
Pima Indians Diabetes,ADVANCED,BorderlineSMOTE,3,5,216
Pima Indians Diabetes,ADVANCED,BorderlineSMOTE,5,1,216
Pima Indians Diabetes,ADVANCED,BorderlineSMOTE,5,2,216
Pima Indians Diabetes,ADVANCED,BorderlineSMOTE,5,3,216
Pima Indians Diabetes,ADVANCED,BorderlineSMOTE,5,4,216
Pima Indians Diabetes,ADVANCED,BorderlineSMOTE,5,5,216
Pima Indians Diabetes,ADVANCED,BorderlineSMOTE,7,1,216
Pima Indians Diabetes,ADVANCED,BorderlineSMOTE,7,2,216
Pima Indians Diabetes,ADVANCED,BorderlineSMOTE,7,3,216
Pima Indians Diabetes,ADVANCED,BorderlineSMOTE,7,4,216
Pima Indians Diabetes,ADVANCED,BorderlineSMOTE,7,5,216
Pima Indians Diabetes,ADVANCED,SMOTE,3,1,216
Pima Indians Diabetes,ADVANCED,SMOTE,3,2,216
Pima Indians Diabetes,ADVANCED,SMOTE,3,3,216
Pima Indians Diabetes,ADVANCED,SMOTE,3,4,216
Pima Indians Diabetes,ADVANCED,SMOTE,3,5,216
Pima Indians Diabetes,ADVANCED,SMOTE,5,1,216
Pima Indians Diabetes,ADVANCED,SMOTE,5,2,216
Pima Indians Diabetes,ADVANCED,SMOTE,5,3,216
Pima Indians Diabetes,ADVANCED,SMOTE,5,4,216
Pima Indians Diabetes,ADVANCED,SMOTE,5,5,216
Pima Indians Diabetes,ADVANCED,SMOTE,7,1,216
Pima Indians Diabetes,ADVANCED,SMOTE,7,2,216
Pima Indians Diabetes,ADVANCED,SMOTE,7,3,216
Pima Indians Diabetes,ADVANCED,SMOTE,7,4,216
Pima Indians Diabetes,ADVANCED,SMOTE,7,5,216
Pima Indians Diabetes,BASIC,ADASYN,3,1,216
Pima Indians Diabetes,BASIC,ADASYN,3,2,216
Pima Indians Diabetes,BASIC,ADASYN,3,3,216
Pima Indians Diabetes,BASIC,ADASYN,3,4,216
Pima Indians Diabetes,BASIC,ADASYN,3,5,216
Pima Indians Diabetes,BASIC,ADASYN,5,1,216
Pima Indians Diabetes,BASIC,ADASYN,5,2,216
Pima Indians Diabetes,BASIC,ADASYN,5,3,216
Pima Indians Diabetes,BASIC,ADASYN,5,4,216
Pima Indians Diabetes,BASIC,ADASYN,5,5,216
Pima Indians Diabetes,BASIC,ADASYN,7,1,216
Pima Indians Diabetes,BASIC,ADASYN,7,2,216
Pima Indians Diabetes,BASIC,ADASYN,7,3,216
Pima Indians Diabetes,BASIC,ADASYN,7,4,216
Pima Indians Diabetes,BASIC,ADASYN,7,5,216
Pima Indians Diabetes,BASIC,BorderlineSMOTE,3,1,216
Pima Indians Diabetes,BASIC,BorderlineSMOTE,3,2,216
Pima Indians Diabetes,BASIC,BorderlineSMOTE,3,3,216
Pima Indians Diabetes,BASIC,BorderlineSMOTE,3,4,216
Pima Indians Diabetes,BASIC,BorderlineSMOTE,3,5,216
Pima Indians Diabetes,BASIC,BorderlineSMOTE,5,1,216
Pima Indians Diabetes,BASIC,BorderlineSMOTE,5,2,216
Pima Indians Diabetes,BASIC,BorderlineSMOTE,5,3,216
Pima Indians Diabetes,BASIC,BorderlineSMOTE,5,4,216
Pima Indians Diabetes,BASIC,BorderlineSMOTE,5,5,216
Pima Indians Diabetes,BASIC,BorderlineSMOTE,7,1,216
Pima Indians Diabetes,BASIC,BorderlineSMOTE,7,2,216
Pima Indians Diabetes,BASIC,BorderlineSMOTE,7,3,216
Pima Indians Diabetes,BASIC,BorderlineSMOTE,7,4,216
Pima Indians Diabetes,BASIC,BorderlineSMOTE,7,5,216
Pima Indians Diabetes,BASIC,SMOTE,3,1,216
Pima Indians Diabetes,BASIC,SMOTE,3,2,216
Pima Indians Diabetes,BASIC,SMOTE,3,3,216
Pima Indians Diabetes,BASIC,SMOTE,3,4,216
Pima Indians Diabetes,BASIC,SMOTE,3,5,216
Pima Indians Diabetes,BASIC,SMOTE,5,1,216
Pima Indians Diabetes,BASIC,SMOTE,5,2,216
Pima Indians Diabetes,BASIC,SMOTE,5,3,216
Pima Indians Diabetes,BASIC,SMOTE,5,4,216
Pima Indians Diabetes,BASIC,SMOTE,5,5,216
Pima Indians Diabetes,BASIC,SMOTE,7,1,216
Pima Indians Diabetes,BASIC,SMOTE,7,2,216
Pima Indians Diabetes,BASIC,SMOTE,7,3,216
Pima Indians Diabetes,BASIC,SMOTE,7,4,216
Pima Indians Diabetes,BASIC,SMOTE,7,5,216
abalone,ADVANCED,ADASYN,3,1,216
abalone,ADVANCED,ADASYN,3,2,216
abalone,ADVANCED,ADASYN,3,3,216
abalone,ADVANCED,ADASYN,3,4,216
abalone,ADVANCED,ADASYN,3,5,216
abalone,ADVANCED,ADASYN,5,1,216
abalone,ADVANCED,ADASYN,5,2,216
abalone,ADVANCED,ADASYN,5,3,216
abalone,ADVANCED,ADASYN,5,4,216
abalone,ADVANCED,ADASYN,5,5,216
abalone,ADVANCED,ADASYN,7,1,216
abalone,ADVANCED,ADASYN,7,2,216
abalone,ADVANCED,ADASYN,7,3,216
abalone,ADVANCED,ADASYN,7,4,216
abalone,ADVANCED,ADASYN,7,5,216
abalone,ADVANCED,BorderlineSMOTE,3,1,216
abalone,ADVANCED,BorderlineSMOTE,3,2,216
abalone,ADVANCED,BorderlineSMOTE,3,3,216
abalone,ADVANCED,BorderlineSMOTE,3,4,216
abalone,ADVANCED,BorderlineSMOTE,3,5,216
abalone,ADVANCED,BorderlineSMOTE,5,1,216
abalone,ADVANCED,BorderlineSMOTE,5,2,216
abalone,ADVANCED,BorderlineSMOTE,5,3,216
abalone,ADVANCED,BorderlineSMOTE,5,4,216
abalone,ADVANCED,BorderlineSMOTE,5,5,216
abalone,ADVANCED,BorderlineSMOTE,7,1,216
abalone,ADVANCED,BorderlineSMOTE,7,2,216
abalone,ADVANCED,BorderlineSMOTE,7,3,216
abalone,ADVANCED,BorderlineSMOTE,7,4,216
abalone,ADVANCED,BorderlineSMOTE,7,5,216
abalone,ADVANCED,SMOTE,3,1,216
abalone,ADVANCED,SMOTE,3,2,216
abalone,ADVANCED,SMOTE,3,3,216
abalone,ADVANCED,SMOTE,3,4,216
abalone,ADVANCED,SMOTE,3,5,216
abalone,ADVANCED,SMOTE,5,1,216
abalone,ADVANCED,SMOTE,5,2,216
abalone,ADVANCED,SMOTE,5,3,216
abalone,ADVANCED,SMOTE,5,4,216
abalone,ADVANCED,SMOTE,5,5,216
abalone,ADVANCED,SMOTE,7,1,216
abalone,ADVANCED,SMOTE,7,2,216
abalone,ADVANCED,SMOTE,7,3,216
abalone,ADVANCED,SMOTE,7,4,216
abalone,ADVANCED,SMOTE,7,5,216
abalone,BASIC,ADASYN,3,1,216
abalone,BASIC,ADASYN,3,2,216
abalone,BASIC,ADASYN,3,3,216
abalone,BASIC,ADASYN,3,4,216
abalone,BASIC,ADASYN,3,5,216
abalone,BASIC,ADASYN,5,1,216
abalone,BASIC,ADASYN,5,2,216
abalone,BASIC,ADASYN,5,3,216
abalone,BASIC,ADASYN,5,4,216
abalone,BASIC,ADASYN,5,5,216
abalone,BASIC,BorderlineSMOTE,3,1,216
abalone,BASIC,BorderlineSMOTE,3,2,216
abalone,BASIC,BorderlineSMOTE,3,3,216
abalone,BASIC,BorderlineSMOTE,3,4,216
abalone,BASIC,BorderlineSMOTE,3,5,216
abalone,BASIC,BorderlineSMOTE,5,1,216
abalone,BASIC,BorderlineSMOTE,5,2,216
abalone,BASIC,BorderlineSMOTE,5,3,216
abalone,BASIC,BorderlineSMOTE,5,4,216
abalone,BASIC,BorderlineSMOTE,5,5,216
abalone,BASIC,BorderlineSMOTE,7,1,216
abalone,BASIC,BorderlineSMOTE,7,2,216
abalone,BASIC,BorderlineSMOTE,7,3,216
abalone,BASIC,BorderlineSMOTE,7,4,216
abalone,BASIC,BorderlineSMOTE,7,5,216
abalone,BASIC,SMOTE,3,1,216
abalone,BASIC,SMOTE,3,2,216
abalone,BASIC,SMOTE,3,3,216
abalone,BASIC,SMOTE,3,4,216
abalone,BASIC,SMOTE,3,5,216
abalone,BASIC,SMOTE,5,1,216
abalone,BASIC,SMOTE,5,2,216
abalone,BASIC,SMOTE,5,3,216
abalone,BASIC,SMOTE,5,4,216
abalone,BASIC,SMOTE,5,5,216
abalone,BASIC,SMOTE,7,1,216
abalone,BASIC,SMOTE,7,2,216
abalone,BASIC,SMOTE,7,3,216
abalone,BASIC,SMOTE,7,4,216
abalone,BASIC,SMOTE,7,5,216
abalone_19,ADVANCED,ADASYN,3,1,216
abalone_19,ADVANCED,ADASYN,3,2,216
abalone_19,ADVANCED,ADASYN,3,3,216
abalone_19,ADVANCED,ADASYN,3,4,216
abalone_19,ADVANCED,ADASYN,3,5,216
abalone_19,ADVANCED,ADASYN,5,1,216
abalone_19,ADVANCED,ADASYN,5,2,216
abalone_19,ADVANCED,ADASYN,5,3,216
abalone_19,ADVANCED,ADASYN,5,4,216
abalone_19,ADVANCED,ADASYN,5,5,216
abalone_19,ADVANCED,ADASYN,7,1,216
abalone_19,ADVANCED,ADASYN,7,2,216
abalone_19,ADVANCED,ADASYN,7,3,216
abalone_19,ADVANCED,ADASYN,7,4,216
abalone_19,ADVANCED,ADASYN,7,5,216
abalone_19,ADVANCED,BorderlineSMOTE,3,1,216
abalone_19,ADVANCED,BorderlineSMOTE,3,2,216
abalone_19,ADVANCED,BorderlineSMOTE,3,3,216
abalone_19,ADVANCED,BorderlineSMOTE,3,4,216
abalone_19,ADVANCED,BorderlineSMOTE,3,5,216
abalone_19,ADVANCED,BorderlineSMOTE,5,1,216
abalone_19,ADVANCED,BorderlineSMOTE,5,2,216
abalone_19,ADVANCED,BorderlineSMOTE,5,3,216
abalone_19,ADVANCED,BorderlineSMOTE,5,4,216
abalone_19,ADVANCED,BorderlineSMOTE,5,5,216
abalone_19,ADVANCED,BorderlineSMOTE,7,1,216
abalone_19,ADVANCED,BorderlineSMOTE,7,2,216
abalone_19,ADVANCED,BorderlineSMOTE,7,3,216
abalone_19,ADVANCED,BorderlineSMOTE,7,4,216
abalone_19,ADVANCED,BorderlineSMOTE,7,5,216
abalone_19,ADVANCED,SMOTE,3,1,216
abalone_19,ADVANCED,SMOTE,3,2,216
abalone_19,ADVANCED,SMOTE,3,3,216
abalone_19,ADVANCED,SMOTE,3,4,216
abalone_19,ADVANCED,SMOTE,3,5,216
abalone_19,ADVANCED,SMOTE,5,1,216
abalone_19,ADVANCED,SMOTE,5,2,216
abalone_19,ADVANCED,SMOTE,5,3,216
abalone_19,ADVANCED,SMOTE,5,4,216
abalone_19,ADVANCED,SMOTE,5,5,216
abalone_19,ADVANCED,SMOTE,7,1,216
abalone_19,ADVANCED,SMOTE,7,2,216
abalone_19,ADVANCED,SMOTE,7,3,216
abalone_19,ADVANCED,SMOTE,7,4,216
abalone_19,ADVANCED,SMOTE,7,5,216
abalone_19,BASIC,ADASYN,3,1,216
abalone_19,BASIC,ADASYN,3,2,216
abalone_19,BASIC,ADASYN,3,3,216
abalone_19,BASIC,ADASYN,3,4,216
abalone_19,BASIC,ADASYN,3,5,216
abalone_19,BASIC,ADASYN,5,1,216
abalone_19,BASIC,ADASYN,5,2,216
abalone_19,BASIC,ADASYN,5,3,216
abalone_19,BASIC,ADASYN,5,4,216
abalone_19,BASIC,ADASYN,5,5,216
abalone_19,BASIC,ADASYN,7,1,216
abalone_19,BASIC,ADASYN,7,2,216
abalone_19,BASIC,ADASYN,7,3,216
abalone_19,BASIC,ADASYN,7,4,216
abalone_19,BASIC,ADASYN,7,5,216
abalone_19,BASIC,BorderlineSMOTE,3,1,216
abalone_19,BASIC,BorderlineSMOTE,3,2,216
abalone_19,BASIC,BorderlineSMOTE,3,3,216
abalone_19,BASIC,BorderlineSMOTE,3,4,216
abalone_19,BASIC,BorderlineSMOTE,3,5,216
abalone_19,BASIC,BorderlineSMOTE,5,1,216
abalone_19,BASIC,BorderlineSMOTE,5,2,216
abalone_19,BASIC,BorderlineSMOTE,5,3,216
abalone_19,BASIC,BorderlineSMOTE,5,4,216
abalone_19,BASIC,BorderlineSMOTE,5,5,216
abalone_19,BASIC,SMOTE,3,1,216
abalone_19,BASIC,SMOTE,3,2,216
abalone_19,BASIC,SMOTE,3,3,216
abalone_19,BASIC,SMOTE,3,4,216
abalone_19,BASIC,SMOTE,3,5,216
abalone_19,BASIC,SMOTE,5,1,216
abalone_19,BASIC,SMOTE,5,2,216
abalone_19,BASIC,SMOTE,5,3,216
abalone_19,BASIC,SMOTE,5,4,216
abalone_19,BASIC,SMOTE,5,5,216
abalone_19,BASIC,SMOTE,7,1,216
abalone_19,BASIC,SMOTE,7,2,216
abalone_19,BASIC,SMOTE,7,3,216
abalone_19,BASIC,SMOTE,7,4,216
abalone_19,BASIC,SMOTE,7,5,216
arrhythmia,ADVANCED,ADASYN,3,1,216
arrhythmia,ADVANCED,ADASYN,3,2,216
arrhythmia,ADVANCED,ADASYN,3,3,216
arrhythmia,ADVANCED,ADASYN,3,4,216
arrhythmia,ADVANCED,ADASYN,3,5,216
arrhythmia,ADVANCED,ADASYN,5,1,216
arrhythmia,ADVANCED,ADASYN,5,2,216
arrhythmia,ADVANCED,ADASYN,5,3,216
arrhythmia,ADVANCED,ADASYN,5,4,216
arrhythmia,ADVANCED,ADASYN,5,5,216
arrhythmia,ADVANCED,ADASYN,7,1,216
arrhythmia,ADVANCED,ADASYN,7,2,216
arrhythmia,ADVANCED,ADASYN,7,3,216
arrhythmia,ADVANCED,ADASYN,7,4,216
arrhythmia,ADVANCED,ADASYN,7,5,216
arrhythmia,ADVANCED,BorderlineSMOTE,3,1,216
arrhythmia,ADVANCED,BorderlineSMOTE,3,2,216
arrhythmia,ADVANCED,BorderlineSMOTE,3,3,216
arrhythmia,ADVANCED,BorderlineSMOTE,3,4,216
arrhythmia,ADVANCED,BorderlineSMOTE,3,5,216
arrhythmia,ADVANCED,BorderlineSMOTE,5,1,216
arrhythmia,ADVANCED,BorderlineSMOTE,5,2,216
arrhythmia,ADVANCED,BorderlineSMOTE,5,3,216
arrhythmia,ADVANCED,BorderlineSMOTE,5,4,216
arrhythmia,ADVANCED,BorderlineSMOTE,5,5,216
arrhythmia,ADVANCED,BorderlineSMOTE,7,1,216
arrhythmia,ADVANCED,BorderlineSMOTE,7,2,216
arrhythmia,ADVANCED,BorderlineSMOTE,7,3,216
arrhythmia,ADVANCED,BorderlineSMOTE,7,4,216
arrhythmia,ADVANCED,BorderlineSMOTE,7,5,216
arrhythmia,ADVANCED,SMOTE,3,1,216
arrhythmia,ADVANCED,SMOTE,3,2,216
arrhythmia,ADVANCED,SMOTE,3,3,216
arrhythmia,ADVANCED,SMOTE,3,4,216
arrhythmia,ADVANCED,SMOTE,3,5,216
arrhythmia,ADVANCED,SMOTE,5,1,216
arrhythmia,ADVANCED,SMOTE,5,2,216
arrhythmia,ADVANCED,SMOTE,5,3,216
arrhythmia,ADVANCED,SMOTE,5,4,216
arrhythmia,ADVANCED,SMOTE,5,5,216
arrhythmia,ADVANCED,SMOTE,7,1,216
arrhythmia,ADVANCED,SMOTE,7,2,216
arrhythmia,ADVANCED,SMOTE,7,3,216
arrhythmia,ADVANCED,SMOTE,7,4,216
arrhythmia,ADVANCED,SMOTE,7,5,216
arrhythmia,BASIC,ADASYN,3,1,216
arrhythmia,BASIC,ADASYN,3,2,216
arrhythmia,BASIC,ADASYN,3,3,216
arrhythmia,BASIC,ADASYN,3,4,216
arrhythmia,BASIC,ADASYN,3,5,216
arrhythmia,BASIC,ADASYN,5,1,216
arrhythmia,BASIC,ADASYN,5,2,216
arrhythmia,BASIC,ADASYN,5,3,216
arrhythmia,BASIC,ADASYN,5,4,216
arrhythmia,BASIC,ADASYN,5,5,216
arrhythmia,BASIC,ADASYN,7,1,216
arrhythmia,BASIC,ADASYN,7,2,216
arrhythmia,BASIC,ADASYN,7,3,216
arrhythmia,BASIC,ADASYN,7,4,216
arrhythmia,BASIC,ADASYN,7,5,216
arrhythmia,BASIC,BorderlineSMOTE,3,1,216
arrhythmia,BASIC,BorderlineSMOTE,3,2,216
arrhythmia,BASIC,BorderlineSMOTE,3,3,216
arrhythmia,BASIC,BorderlineSMOTE,3,4,216
arrhythmia,BASIC,BorderlineSMOTE,3,5,216
arrhythmia,BASIC,BorderlineSMOTE,5,1,216
arrhythmia,BASIC,BorderlineSMOTE,5,2,216
arrhythmia,BASIC,BorderlineSMOTE,5,3,216
arrhythmia,BASIC,BorderlineSMOTE,5,4,216
arrhythmia,BASIC,BorderlineSMOTE,5,5,216
arrhythmia,BASIC,BorderlineSMOTE,7,1,216
arrhythmia,BASIC,BorderlineSMOTE,7,2,216
arrhythmia,BASIC,BorderlineSMOTE,7,3,216
arrhythmia,BASIC,BorderlineSMOTE,7,4,216
arrhythmia,BASIC,BorderlineSMOTE,7,5,216
arrhythmia,BASIC,SMOTE,3,1,216
arrhythmia,BASIC,SMOTE,3,2,216
arrhythmia,BASIC,SMOTE,3,3,216
arrhythmia,BASIC,SMOTE,3,4,216
arrhythmia,BASIC,SMOTE,3,5,216
arrhythmia,BASIC,SMOTE,5,1,216
arrhythmia,BASIC,SMOTE,5,2,216
arrhythmia,BASIC,SMOTE,5,3,216
arrhythmia,BASIC,SMOTE,5,4,216
arrhythmia,BASIC,SMOTE,5,5,216
arrhythmia,BASIC,SMOTE,7,1,216
arrhythmia,BASIC,SMOTE,7,2,216
arrhythmia,BASIC,SMOTE,7,3,216
arrhythmia,BASIC,SMOTE,7,4,216
arrhythmia,BASIC,SMOTE,7,5,216
car_eval_34,ADVANCED,ADASYN,3,1,216
car_eval_34,ADVANCED,ADASYN,3,2,216
car_eval_34,ADVANCED,ADASYN,3,3,216
car_eval_34,ADVANCED,ADASYN,3,4,216
car_eval_34,ADVANCED,ADASYN,3,5,216
car_eval_34,ADVANCED,ADASYN,5,1,216
car_eval_34,ADVANCED,ADASYN,5,2,216
car_eval_34,ADVANCED,ADASYN,5,3,216
car_eval_34,ADVANCED,ADASYN,5,4,216
car_eval_34,ADVANCED,ADASYN,5,5,216
car_eval_34,ADVANCED,ADASYN,7,1,216
car_eval_34,ADVANCED,ADASYN,7,2,216
car_eval_34,ADVANCED,ADASYN,7,3,216
car_eval_34,ADVANCED,ADASYN,7,4,216
car_eval_34,ADVANCED,ADASYN,7,5,216
car_eval_34,ADVANCED,BorderlineSMOTE,3,1,216
car_eval_34,ADVANCED,BorderlineSMOTE,3,2,216
car_eval_34,ADVANCED,BorderlineSMOTE,3,3,216
car_eval_34,ADVANCED,BorderlineSMOTE,3,4,216
car_eval_34,ADVANCED,BorderlineSMOTE,3,5,216
car_eval_34,ADVANCED,BorderlineSMOTE,5,1,216
car_eval_34,ADVANCED,BorderlineSMOTE,5,2,216
car_eval_34,ADVANCED,BorderlineSMOTE,5,3,216
car_eval_34,ADVANCED,BorderlineSMOTE,5,4,216
car_eval_34,ADVANCED,BorderlineSMOTE,5,5,216
car_eval_34,ADVANCED,BorderlineSMOTE,7,1,216
car_eval_34,ADVANCED,BorderlineSMOTE,7,2,216
car_eval_34,ADVANCED,BorderlineSMOTE,7,3,216
car_eval_34,ADVANCED,BorderlineSMOTE,7,4,216
car_eval_34,ADVANCED,BorderlineSMOTE,7,5,216
car_eval_34,ADVANCED,SMOTE,3,1,216
car_eval_34,ADVANCED,SMOTE,3,2,216
car_eval_34,ADVANCED,SMOTE,3,3,216
car_eval_34,ADVANCED,SMOTE,3,4,216
car_eval_34,ADVANCED,SMOTE,3,5,216
car_eval_34,ADVANCED,SMOTE,5,1,216
car_eval_34,ADVANCED,SMOTE,5,2,216
car_eval_34,ADVANCED,SMOTE,5,3,216
car_eval_34,ADVANCED,SMOTE,5,4,216
car_eval_34,ADVANCED,SMOTE,5,5,216
car_eval_34,ADVANCED,SMOTE,7,1,216
car_eval_34,ADVANCED,SMOTE,7,2,216
car_eval_34,ADVANCED,SMOTE,7,3,216
car_eval_34,ADVANCED,SMOTE,7,4,216
car_eval_34,ADVANCED,SMOTE,7,5,216
car_eval_34,BASIC,ADASYN,3,1,216
car_eval_34,BASIC,ADASYN,3,2,216
car_eval_34,BASIC,ADASYN,3,3,216
car_eval_34,BASIC,ADASYN,3,4,216
car_eval_34,BASIC,ADASYN,3,5,216
car_eval_34,BASIC,ADASYN,5,1,216
car_eval_34,BASIC,ADASYN,5,2,216
car_eval_34,BASIC,ADASYN,5,3,216
car_eval_34,BASIC,ADASYN,5,4,216
car_eval_34,BASIC,ADASYN,5,5,216
car_eval_34,BASIC,BorderlineSMOTE,3,1,216
car_eval_34,BASIC,BorderlineSMOTE,3,2,216
car_eval_34,BASIC,BorderlineSMOTE,3,3,216
car_eval_34,BASIC,BorderlineSMOTE,3,4,216
car_eval_34,BASIC,BorderlineSMOTE,3,5,216
car_eval_34,BASIC,BorderlineSMOTE,5,1,216
car_eval_34,BASIC,BorderlineSMOTE,5,2,216
car_eval_34,BASIC,BorderlineSMOTE,5,3,216
car_eval_34,BASIC,BorderlineSMOTE,5,4,216
car_eval_34,BASIC,BorderlineSMOTE,5,5,216
car_eval_34,BASIC,BorderlineSMOTE,7,1,216
car_eval_34,BASIC,BorderlineSMOTE,7,2,216
car_eval_34,BASIC,BorderlineSMOTE,7,3,216
car_eval_34,BASIC,BorderlineSMOTE,7,4,216
car_eval_34,BASIC,BorderlineSMOTE,7,5,216
car_eval_34,BASIC,SMOTE,3,1,216
car_eval_34,BASIC,SMOTE,3,2,216
car_eval_34,BASIC,SMOTE,3,3,216
car_eval_34,BASIC,SMOTE,3,4,216
car_eval_34,BASIC,SMOTE,3,5,216
car_eval_34,BASIC,SMOTE,5,1,216
car_eval_34,BASIC,SMOTE,5,2,216
car_eval_34,BASIC,SMOTE,5,3,216
car_eval_34,BASIC,SMOTE,5,4,216
car_eval_34,BASIC,SMOTE,5,5,216
car_eval_34,BASIC,SMOTE,7,1,216
car_eval_34,BASIC,SMOTE,7,2,216
car_eval_34,BASIC,SMOTE,7,3,216
car_eval_34,BASIC,SMOTE,7,4,216
car_eval_34,BASIC,SMOTE,7,5,216
car_eval_4,ADVANCED,ADASYN,3,1,216
car_eval_4,ADVANCED,ADASYN,3,2,216
car_eval_4,ADVANCED,ADASYN,3,3,216
car_eval_4,ADVANCED,ADASYN,3,4,216
car_eval_4,ADVANCED,ADASYN,3,5,216
car_eval_4,ADVANCED,ADASYN,5,1,216
car_eval_4,ADVANCED,ADASYN,5,2,216
car_eval_4,ADVANCED,ADASYN,5,3,216
car_eval_4,ADVANCED,ADASYN,5,4,216
car_eval_4,ADVANCED,ADASYN,5,5,216
car_eval_4,ADVANCED,ADASYN,7,1,216
car_eval_4,ADVANCED,ADASYN,7,2,216
car_eval_4,ADVANCED,ADASYN,7,3,216
car_eval_4,ADVANCED,ADASYN,7,4,216
car_eval_4,ADVANCED,ADASYN,7,5,216
car_eval_4,ADVANCED,BorderlineSMOTE,3,1,216
car_eval_4,ADVANCED,BorderlineSMOTE,3,2,216
car_eval_4,ADVANCED,BorderlineSMOTE,3,3,216
car_eval_4,ADVANCED,BorderlineSMOTE,3,4,216
car_eval_4,ADVANCED,BorderlineSMOTE,3,5,216
car_eval_4,ADVANCED,BorderlineSMOTE,5,1,216
car_eval_4,ADVANCED,BorderlineSMOTE,5,2,216
car_eval_4,ADVANCED,BorderlineSMOTE,5,3,216
car_eval_4,ADVANCED,BorderlineSMOTE,5,4,216
car_eval_4,ADVANCED,BorderlineSMOTE,5,5,216
car_eval_4,ADVANCED,BorderlineSMOTE,7,1,216
car_eval_4,ADVANCED,BorderlineSMOTE,7,2,216
car_eval_4,ADVANCED,BorderlineSMOTE,7,3,216
car_eval_4,ADVANCED,BorderlineSMOTE,7,4,216
car_eval_4,ADVANCED,BorderlineSMOTE,7,5,216
car_eval_4,ADVANCED,SMOTE,3,1,216
car_eval_4,ADVANCED,SMOTE,3,2,216
car_eval_4,ADVANCED,SMOTE,3,3,216
car_eval_4,ADVANCED,SMOTE,3,4,216
car_eval_4,ADVANCED,SMOTE,3,5,216
car_eval_4,ADVANCED,SMOTE,5,1,216
car_eval_4,ADVANCED,SMOTE,5,2,216
car_eval_4,ADVANCED,SMOTE,5,3,216
car_eval_4,ADVANCED,SMOTE,5,4,216
car_eval_4,ADVANCED,SMOTE,5,5,216
car_eval_4,ADVANCED,SMOTE,7,1,216
car_eval_4,ADVANCED,SMOTE,7,2,216
car_eval_4,ADVANCED,SMOTE,7,3,216
car_eval_4,ADVANCED,SMOTE,7,4,216
car_eval_4,ADVANCED,SMOTE,7,5,216
car_eval_4,BASIC,ADASYN,3,1,216
car_eval_4,BASIC,ADASYN,3,2,216
car_eval_4,BASIC,ADASYN,3,3,216
car_eval_4,BASIC,ADASYN,3,4,216
car_eval_4,BASIC,ADASYN,3,5,216
car_eval_4,BASIC,ADASYN,5,1,216
car_eval_4,BASIC,ADASYN,5,2,216
car_eval_4,BASIC,ADASYN,5,3,216
car_eval_4,BASIC,ADASYN,5,4,216
car_eval_4,BASIC,ADASYN,5,5,216
car_eval_4,BASIC,ADASYN,7,1,216
car_eval_4,BASIC,ADASYN,7,2,216
car_eval_4,BASIC,ADASYN,7,3,216
car_eval_4,BASIC,ADASYN,7,4,216
car_eval_4,BASIC,ADASYN,7,5,216
car_eval_4,BASIC,BorderlineSMOTE,3,1,216
car_eval_4,BASIC,BorderlineSMOTE,3,2,216
car_eval_4,BASIC,BorderlineSMOTE,3,3,216
car_eval_4,BASIC,BorderlineSMOTE,3,4,216
car_eval_4,BASIC,BorderlineSMOTE,3,5,216
car_eval_4,BASIC,BorderlineSMOTE,5,1,216
car_eval_4,BASIC,BorderlineSMOTE,5,2,216
car_eval_4,BASIC,BorderlineSMOTE,5,3,216
car_eval_4,BASIC,BorderlineSMOTE,5,4,216
car_eval_4,BASIC,BorderlineSMOTE,5,5,216
car_eval_4,BASIC,BorderlineSMOTE,7,1,200
car_eval_4,BASIC,SMOTE,3,1,216
car_eval_4,BASIC,SMOTE,3,2,216
car_eval_4,BASIC,SMOTE,3,3,216
car_eval_4,BASIC,SMOTE,3,4,216
car_eval_4,BASIC,SMOTE,3,5,216
car_eval_4,BASIC,SMOTE,5,1,216
car_eval_4,BASIC,SMOTE,5,2,216
car_eval_4,BASIC,SMOTE,5,3,216
car_eval_4,BASIC,SMOTE,5,4,216
car_eval_4,BASIC,SMOTE,5,5,216
car_eval_4,BASIC,SMOTE,7,1,216
car_eval_4,BASIC,SMOTE,7,2,216
car_eval_4,BASIC,SMOTE,7,3,216
car_eval_4,BASIC,SMOTE,7,4,216
car_eval_4,BASIC,SMOTE,7,5,216
coil_2000,ADVANCED,ADASYN,3,1,216
coil_2000,ADVANCED,ADASYN,3,2,216
coil_2000,ADVANCED,ADASYN,3,3,216
coil_2000,ADVANCED,ADASYN,3,4,216
coil_2000,ADVANCED,ADASYN,3,5,216
coil_2000,ADVANCED,ADASYN,5,1,216
coil_2000,ADVANCED,ADASYN,5,2,216
coil_2000,ADVANCED,ADASYN,5,3,216
coil_2000,ADVANCED,ADASYN,5,4,216
coil_2000,ADVANCED,ADASYN,5,5,216
coil_2000,ADVANCED,ADASYN,7,1,216
coil_2000,ADVANCED,ADASYN,7,2,216
coil_2000,ADVANCED,ADASYN,7,3,216
coil_2000,ADVANCED,ADASYN,7,4,216
coil_2000,ADVANCED,ADASYN,7,5,216
coil_2000,ADVANCED,BorderlineSMOTE,3,1,216
coil_2000,ADVANCED,BorderlineSMOTE,3,2,216
coil_2000,ADVANCED,BorderlineSMOTE,3,3,216
coil_2000,ADVANCED,BorderlineSMOTE,3,4,216
coil_2000,ADVANCED,BorderlineSMOTE,3,5,216
coil_2000,ADVANCED,BorderlineSMOTE,5,1,216
coil_2000,ADVANCED,BorderlineSMOTE,5,2,216
coil_2000,ADVANCED,BorderlineSMOTE,5,3,216
coil_2000,ADVANCED,BorderlineSMOTE,5,4,216
coil_2000,ADVANCED,BorderlineSMOTE,5,5,216
coil_2000,ADVANCED,BorderlineSMOTE,7,1,216
coil_2000,ADVANCED,BorderlineSMOTE,7,2,216
coil_2000,ADVANCED,BorderlineSMOTE,7,3,216
coil_2000,ADVANCED,BorderlineSMOTE,7,4,216
coil_2000,ADVANCED,BorderlineSMOTE,7,5,216
coil_2000,ADVANCED,SMOTE,3,1,216
coil_2000,ADVANCED,SMOTE,3,2,216
coil_2000,ADVANCED,SMOTE,3,3,216
coil_2000,ADVANCED,SMOTE,3,4,216
coil_2000,ADVANCED,SMOTE,3,5,216
coil_2000,ADVANCED,SMOTE,5,1,216
coil_2000,ADVANCED,SMOTE,5,2,216
coil_2000,ADVANCED,SMOTE,5,3,216
coil_2000,ADVANCED,SMOTE,5,4,216
coil_2000,ADVANCED,SMOTE,5,5,216
coil_2000,ADVANCED,SMOTE,7,1,216
coil_2000,ADVANCED,SMOTE,7,2,216
coil_2000,ADVANCED,SMOTE,7,3,216
coil_2000,ADVANCED,SMOTE,7,4,216
coil_2000,ADVANCED,SMOTE,7,5,216
coil_2000,BASIC,ADASYN,3,1,216
coil_2000,BASIC,ADASYN,3,2,216
coil_2000,BASIC,ADASYN,3,3,216
coil_2000,BASIC,ADASYN,3,4,216
coil_2000,BASIC,ADASYN,3,5,216
coil_2000,BASIC,ADASYN,5,1,216
coil_2000,BASIC,ADASYN,5,2,216
coil_2000,BASIC,ADASYN,5,3,216
coil_2000,BASIC,ADASYN,5,4,216
coil_2000,BASIC,ADASYN,5,5,216
coil_2000,BASIC,ADASYN,7,1,216
coil_2000,BASIC,ADASYN,7,2,216
coil_2000,BASIC,ADASYN,7,3,216
coil_2000,BASIC,ADASYN,7,4,216
coil_2000,BASIC,ADASYN,7,5,216
coil_2000,BASIC,BorderlineSMOTE,3,1,216
coil_2000,BASIC,BorderlineSMOTE,3,2,216
coil_2000,BASIC,BorderlineSMOTE,3,3,216
coil_2000,BASIC,BorderlineSMOTE,3,4,216
coil_2000,BASIC,BorderlineSMOTE,3,5,216
coil_2000,BASIC,BorderlineSMOTE,5,1,216
coil_2000,BASIC,BorderlineSMOTE,5,2,216
coil_2000,BASIC,BorderlineSMOTE,5,3,216
coil_2000,BASIC,BorderlineSMOTE,5,4,216
coil_2000,BASIC,BorderlineSMOTE,5,5,216
coil_2000,BASIC,BorderlineSMOTE,7,1,216
coil_2000,BASIC,BorderlineSMOTE,7,2,216
coil_2000,BASIC,BorderlineSMOTE,7,3,216
coil_2000,BASIC,BorderlineSMOTE,7,4,216
coil_2000,BASIC,BorderlineSMOTE,7,5,216
coil_2000,BASIC,SMOTE,3,1,216
coil_2000,BASIC,SMOTE,3,2,216
coil_2000,BASIC,SMOTE,3,3,216
coil_2000,BASIC,SMOTE,3,4,216
coil_2000,BASIC,SMOTE,3,5,216
coil_2000,BASIC,SMOTE,5,1,216
coil_2000,BASIC,SMOTE,5,2,216
coil_2000,BASIC,SMOTE,5,3,216
coil_2000,BASIC,SMOTE,5,4,216
coil_2000,BASIC,SMOTE,5,5,216
coil_2000,BASIC,SMOTE,7,1,216
coil_2000,BASIC,SMOTE,7,2,216
coil_2000,BASIC,SMOTE,7,3,216
coil_2000,BASIC,SMOTE,7,4,216
coil_2000,BASIC,SMOTE,7,5,216
ecoli,ADVANCED,ADASYN,3,1,216
ecoli,ADVANCED,ADASYN,3,2,216
ecoli,ADVANCED,ADASYN,3,3,216
ecoli,ADVANCED,ADASYN,3,4,216
ecoli,ADVANCED,ADASYN,3,5,216
ecoli,ADVANCED,ADASYN,5,1,216
ecoli,ADVANCED,ADASYN,5,2,216
ecoli,ADVANCED,ADASYN,5,3,216
ecoli,ADVANCED,ADASYN,5,4,216
ecoli,ADVANCED,ADASYN,5,5,216
ecoli,ADVANCED,ADASYN,7,1,216
ecoli,ADVANCED,ADASYN,7,2,216
ecoli,ADVANCED,ADASYN,7,3,216
ecoli,ADVANCED,ADASYN,7,4,216
ecoli,ADVANCED,ADASYN,7,5,216
ecoli,ADVANCED,BorderlineSMOTE,3,1,216
ecoli,ADVANCED,BorderlineSMOTE,3,2,216
ecoli,ADVANCED,BorderlineSMOTE,3,3,216
ecoli,ADVANCED,BorderlineSMOTE,3,4,216
ecoli,ADVANCED,BorderlineSMOTE,3,5,216
ecoli,ADVANCED,BorderlineSMOTE,5,1,216
ecoli,ADVANCED,BorderlineSMOTE,5,2,216
ecoli,ADVANCED,BorderlineSMOTE,5,3,216
ecoli,ADVANCED,BorderlineSMOTE,5,4,216
ecoli,ADVANCED,BorderlineSMOTE,5,5,216
ecoli,ADVANCED,BorderlineSMOTE,7,1,216
ecoli,ADVANCED,BorderlineSMOTE,7,2,216
ecoli,ADVANCED,BorderlineSMOTE,7,3,216
ecoli,ADVANCED,BorderlineSMOTE,7,4,216
ecoli,ADVANCED,BorderlineSMOTE,7,5,216
ecoli,ADVANCED,SMOTE,3,1,216
ecoli,ADVANCED,SMOTE,3,2,216
ecoli,ADVANCED,SMOTE,3,3,216
ecoli,ADVANCED,SMOTE,3,4,216
ecoli,ADVANCED,SMOTE,3,5,216
ecoli,ADVANCED,SMOTE,5,1,216
ecoli,ADVANCED,SMOTE,5,2,216
ecoli,ADVANCED,SMOTE,5,3,216
ecoli,ADVANCED,SMOTE,5,4,216
ecoli,ADVANCED,SMOTE,5,5,216
ecoli,ADVANCED,SMOTE,7,1,216
ecoli,ADVANCED,SMOTE,7,2,216
ecoli,ADVANCED,SMOTE,7,3,216
ecoli,ADVANCED,SMOTE,7,4,216
ecoli,ADVANCED,SMOTE,7,5,216
ecoli,BASIC,ADASYN,3,1,216
ecoli,BASIC,ADASYN,3,2,216
ecoli,BASIC,ADASYN,3,3,216
ecoli,BASIC,ADASYN,3,4,216
ecoli,BASIC,ADASYN,3,5,216
ecoli,BASIC,ADASYN,5,1,216
ecoli,BASIC,ADASYN,5,2,216
ecoli,BASIC,ADASYN,5,3,216
ecoli,BASIC,ADASYN,5,4,216
ecoli,BASIC,ADASYN,5,5,216
ecoli,BASIC,BorderlineSMOTE,3,1,216
ecoli,BASIC,BorderlineSMOTE,3,2,216
ecoli,BASIC,BorderlineSMOTE,3,3,216
ecoli,BASIC,BorderlineSMOTE,3,4,216
ecoli,BASIC,BorderlineSMOTE,3,5,216
ecoli,BASIC,BorderlineSMOTE,5,1,216
ecoli,BASIC,BorderlineSMOTE,5,2,216
ecoli,BASIC,BorderlineSMOTE,5,3,216
ecoli,BASIC,BorderlineSMOTE,5,4,216
ecoli,BASIC,BorderlineSMOTE,5,5,216
ecoli,BASIC,BorderlineSMOTE,7,1,216
ecoli,BASIC,BorderlineSMOTE,7,2,216
ecoli,BASIC,BorderlineSMOTE,7,3,216
ecoli,BASIC,BorderlineSMOTE,7,4,216
ecoli,BASIC,BorderlineSMOTE,7,5,216
ecoli,BASIC,SMOTE,3,1,216
ecoli,BASIC,SMOTE,3,2,216
ecoli,BASIC,SMOTE,3,3,216
ecoli,BASIC,SMOTE,3,4,216
ecoli,BASIC,SMOTE,3,5,216
ecoli,BASIC,SMOTE,5,1,216
ecoli,BASIC,SMOTE,5,2,216
ecoli,BASIC,SMOTE,5,3,216
ecoli,BASIC,SMOTE,5,4,216
ecoli,BASIC,SMOTE,5,5,216
ecoli,BASIC,SMOTE,7,1,216
ecoli,BASIC,SMOTE,7,2,216
ecoli,BASIC,SMOTE,7,3,216
ecoli,BASIC,SMOTE,7,4,216
ecoli,BASIC,SMOTE,7,5,216
letter_img,ADVANCED,ADASYN,3,1,216
letter_img,ADVANCED,ADASYN,3,2,216
letter_img,ADVANCED,ADASYN,3,3,216
letter_img,ADVANCED,ADASYN,3,4,216
letter_img,ADVANCED,ADASYN,3,5,216
letter_img,ADVANCED,ADASYN,5,1,216
letter_img,ADVANCED,ADASYN,5,2,216
letter_img,ADVANCED,ADASYN,5,3,216
letter_img,ADVANCED,ADASYN,5,4,216
letter_img,ADVANCED,ADASYN,5,5,216
letter_img,ADVANCED,ADASYN,7,1,216
letter_img,ADVANCED,ADASYN,7,2,216
letter_img,ADVANCED,ADASYN,7,3,216
letter_img,ADVANCED,ADASYN,7,4,216
letter_img,ADVANCED,ADASYN,7,5,216
letter_img,ADVANCED,BorderlineSMOTE,3,1,216
letter_img,ADVANCED,BorderlineSMOTE,3,2,216
letter_img,ADVANCED,BorderlineSMOTE,3,3,216
letter_img,ADVANCED,BorderlineSMOTE,3,4,216
letter_img,ADVANCED,BorderlineSMOTE,3,5,216
letter_img,ADVANCED,BorderlineSMOTE,5,1,216
letter_img,ADVANCED,BorderlineSMOTE,5,2,216
letter_img,ADVANCED,BorderlineSMOTE,5,3,216
letter_img,ADVANCED,BorderlineSMOTE,5,4,216
letter_img,ADVANCED,BorderlineSMOTE,5,5,216
letter_img,ADVANCED,BorderlineSMOTE,7,1,216
letter_img,ADVANCED,BorderlineSMOTE,7,2,216
letter_img,ADVANCED,BorderlineSMOTE,7,3,216
letter_img,ADVANCED,BorderlineSMOTE,7,4,216
letter_img,ADVANCED,BorderlineSMOTE,7,5,216
letter_img,ADVANCED,SMOTE,3,1,216
letter_img,ADVANCED,SMOTE,3,2,216
letter_img,ADVANCED,SMOTE,3,3,216
letter_img,ADVANCED,SMOTE,3,4,216
letter_img,ADVANCED,SMOTE,3,5,216
letter_img,ADVANCED,SMOTE,5,1,216
letter_img,ADVANCED,SMOTE,5,2,216
letter_img,ADVANCED,SMOTE,5,3,216
letter_img,ADVANCED,SMOTE,5,4,216
letter_img,ADVANCED,SMOTE,5,5,216
letter_img,ADVANCED,SMOTE,7,1,216
letter_img,ADVANCED,SMOTE,7,2,216
letter_img,ADVANCED,SMOTE,7,3,216
letter_img,ADVANCED,SMOTE,7,4,216
letter_img,ADVANCED,SMOTE,7,5,216
letter_img,BASIC,ADASYN,3,1,216
letter_img,BASIC,ADASYN,3,2,216
letter_img,BASIC,ADASYN,3,3,216
letter_img,BASIC,ADASYN,3,4,216
letter_img,BASIC,ADASYN,3,5,216
letter_img,BASIC,ADASYN,5,1,216
letter_img,BASIC,ADASYN,5,2,216
letter_img,BASIC,ADASYN,5,3,216
letter_img,BASIC,ADASYN,5,4,216
letter_img,BASIC,ADASYN,5,5,216
letter_img,BASIC,ADASYN,7,1,216
letter_img,BASIC,ADASYN,7,2,216
letter_img,BASIC,ADASYN,7,3,216
letter_img,BASIC,ADASYN,7,4,216
letter_img,BASIC,ADASYN,7,5,216
letter_img,BASIC,BorderlineSMOTE,3,1,216
letter_img,BASIC,BorderlineSMOTE,3,2,216
letter_img,BASIC,BorderlineSMOTE,3,3,216
letter_img,BASIC,BorderlineSMOTE,3,4,216
letter_img,BASIC,BorderlineSMOTE,3,5,216
letter_img,BASIC,BorderlineSMOTE,5,1,216
letter_img,BASIC,BorderlineSMOTE,5,2,216
letter_img,BASIC,BorderlineSMOTE,5,3,216
letter_img,BASIC,BorderlineSMOTE,5,4,216
letter_img,BASIC,BorderlineSMOTE,5,5,216
letter_img,BASIC,SMOTE,3,1,216
letter_img,BASIC,SMOTE,3,2,216
letter_img,BASIC,SMOTE,3,3,216
letter_img,BASIC,SMOTE,3,4,216
letter_img,BASIC,SMOTE,3,5,216
letter_img,BASIC,SMOTE,5,1,216
letter_img,BASIC,SMOTE,5,2,216
letter_img,BASIC,SMOTE,5,3,216
letter_img,BASIC,SMOTE,5,4,216
letter_img,BASIC,SMOTE,5,5,216
letter_img,BASIC,SMOTE,7,1,216
letter_img,BASIC,SMOTE,7,2,216
letter_img,BASIC,SMOTE,7,3,216
letter_img,BASIC,SMOTE,7,4,216
letter_img,BASIC,SMOTE,7,5,216
libras_move,ADVANCED,ADASYN,5,1,216
libras_move,ADVANCED,ADASYN,5,2,216
libras_move,ADVANCED,ADASYN,5,3,216
libras_move,ADVANCED,ADASYN,5,4,216
libras_move,ADVANCED,ADASYN,5,5,216
libras_move,ADVANCED,ADASYN,7,1,216
libras_move,ADVANCED,ADASYN,7,2,216
libras_move,ADVANCED,ADASYN,7,3,216
libras_move,ADVANCED,ADASYN,7,4,216
libras_move,ADVANCED,ADASYN,7,5,216
libras_move,ADVANCED,BorderlineSMOTE,3,1,216
libras_move,ADVANCED,BorderlineSMOTE,3,2,216
libras_move,ADVANCED,BorderlineSMOTE,3,3,216
libras_move,ADVANCED,BorderlineSMOTE,3,4,216
libras_move,ADVANCED,BorderlineSMOTE,3,5,216
libras_move,ADVANCED,BorderlineSMOTE,5,1,216
libras_move,ADVANCED,BorderlineSMOTE,5,2,216
libras_move,ADVANCED,BorderlineSMOTE,5,3,216
libras_move,ADVANCED,BorderlineSMOTE,5,4,216
libras_move,ADVANCED,BorderlineSMOTE,5,5,216
libras_move,ADVANCED,BorderlineSMOTE,7,1,216
libras_move,ADVANCED,BorderlineSMOTE,7,2,216
libras_move,ADVANCED,BorderlineSMOTE,7,3,216
libras_move,ADVANCED,BorderlineSMOTE,7,4,216
libras_move,ADVANCED,BorderlineSMOTE,7,5,216
libras_move,ADVANCED,SMOTE,3,1,216
libras_move,ADVANCED,SMOTE,3,2,216
libras_move,ADVANCED,SMOTE,3,3,216
libras_move,ADVANCED,SMOTE,3,4,216
libras_move,ADVANCED,SMOTE,3,5,216
libras_move,ADVANCED,SMOTE,5,1,216
libras_move,ADVANCED,SMOTE,5,2,216
libras_move,ADVANCED,SMOTE,5,3,216
libras_move,ADVANCED,SMOTE,5,4,216
libras_move,ADVANCED,SMOTE,5,5,216
libras_move,ADVANCED,SMOTE,7,1,216
libras_move,ADVANCED,SMOTE,7,2,216
libras_move,ADVANCED,SMOTE,7,3,216
libras_move,ADVANCED,SMOTE,7,4,216
libras_move,ADVANCED,SMOTE,7,5,216
libras_move,BASIC,ADASYN,3,1,216
libras_move,BASIC,ADASYN,3,2,216
libras_move,BASIC,ADASYN,3,3,216
libras_move,BASIC,ADASYN,3,4,216
libras_move,BASIC,ADASYN,3,5,216
libras_move,BASIC,ADASYN,5,1,216
libras_move,BASIC,ADASYN,5,2,216
libras_move,BASIC,ADASYN,5,3,216
libras_move,BASIC,ADASYN,5,4,216
libras_move,BASIC,ADASYN,5,5,216
libras_move,BASIC,ADASYN,7,1,216
libras_move,BASIC,ADASYN,7,2,216
libras_move,BASIC,ADASYN,7,3,216
libras_move,BASIC,ADASYN,7,4,216
libras_move,BASIC,ADASYN,7,5,216
libras_move,BASIC,BorderlineSMOTE,3,1,216
libras_move,BASIC,BorderlineSMOTE,3,2,216
libras_move,BASIC,BorderlineSMOTE,3,3,216
libras_move,BASIC,BorderlineSMOTE,3,4,216
libras_move,BASIC,BorderlineSMOTE,3,5,216
libras_move,BASIC,BorderlineSMOTE,5,1,216
libras_move,BASIC,BorderlineSMOTE,5,2,216
libras_move,BASIC,BorderlineSMOTE,5,3,216
libras_move,BASIC,BorderlineSMOTE,5,4,216
libras_move,BASIC,BorderlineSMOTE,5,5,216
libras_move,BASIC,BorderlineSMOTE,7,1,216
libras_move,BASIC,BorderlineSMOTE,7,2,216
libras_move,BASIC,BorderlineSMOTE,7,3,216
libras_move,BASIC,BorderlineSMOTE,7,4,216
libras_move,BASIC,BorderlineSMOTE,7,5,216
libras_move,BASIC,SMOTE,3,1,216
libras_move,BASIC,SMOTE,3,2,216
libras_move,BASIC,SMOTE,3,3,216
libras_move,BASIC,SMOTE,3,4,216
libras_move,BASIC,SMOTE,3,5,216
libras_move,BASIC,SMOTE,5,1,216
libras_move,BASIC,SMOTE,5,2,216
libras_move,BASIC,SMOTE,5,3,216
libras_move,BASIC,SMOTE,5,4,216
libras_move,BASIC,SMOTE,5,5,216
libras_move,BASIC,SMOTE,7,1,216
libras_move,BASIC,SMOTE,7,2,216
libras_move,BASIC,SMOTE,7,3,216
libras_move,BASIC,SMOTE,7,4,216
libras_move,BASIC,SMOTE,7,5,216
mammography,ADVANCED,ADASYN,3,1,216
mammography,ADVANCED,ADASYN,3,2,216
mammography,ADVANCED,ADASYN,3,3,216
mammography,ADVANCED,ADASYN,3,4,216
mammography,ADVANCED,ADASYN,3,5,216
mammography,ADVANCED,ADASYN,5,1,216
mammography,ADVANCED,ADASYN,5,2,216
mammography,ADVANCED,ADASYN,5,3,216
mammography,ADVANCED,ADASYN,5,4,216
mammography,ADVANCED,ADASYN,5,5,216
mammography,ADVANCED,ADASYN,7,1,216
mammography,ADVANCED,ADASYN,7,2,216
mammography,ADVANCED,ADASYN,7,3,216
mammography,ADVANCED,ADASYN,7,4,216
mammography,ADVANCED,ADASYN,7,5,216
mammography,ADVANCED,BorderlineSMOTE,3,1,216
mammography,ADVANCED,BorderlineSMOTE,3,2,216
mammography,ADVANCED,BorderlineSMOTE,3,3,216
mammography,ADVANCED,BorderlineSMOTE,3,4,216
mammography,ADVANCED,BorderlineSMOTE,3,5,216
mammography,ADVANCED,BorderlineSMOTE,5,1,216
mammography,ADVANCED,BorderlineSMOTE,5,2,216
mammography,ADVANCED,BorderlineSMOTE,5,3,216
mammography,ADVANCED,BorderlineSMOTE,5,4,216
mammography,ADVANCED,BorderlineSMOTE,5,5,216
mammography,ADVANCED,BorderlineSMOTE,7,1,216
mammography,ADVANCED,BorderlineSMOTE,7,2,216
mammography,ADVANCED,BorderlineSMOTE,7,3,216
mammography,ADVANCED,BorderlineSMOTE,7,4,216
mammography,ADVANCED,BorderlineSMOTE,7,5,216
mammography,ADVANCED,SMOTE,3,1,216
mammography,ADVANCED,SMOTE,3,2,216
mammography,ADVANCED,SMOTE,3,3,216
mammography,ADVANCED,SMOTE,3,4,216
mammography,ADVANCED,SMOTE,3,5,216
mammography,ADVANCED,SMOTE,5,1,216
mammography,ADVANCED,SMOTE,5,2,216
mammography,ADVANCED,SMOTE,5,3,216
mammography,ADVANCED,SMOTE,5,4,216
mammography,ADVANCED,SMOTE,5,5,216
mammography,ADVANCED,SMOTE,7,1,216
mammography,ADVANCED,SMOTE,7,2,216
mammography,ADVANCED,SMOTE,7,3,216
mammography,ADVANCED,SMOTE,7,4,216
mammography,ADVANCED,SMOTE,7,5,216
mammography,BASIC,ADASYN,3,1,216
mammography,BASIC,ADASYN,3,2,216
mammography,BASIC,ADASYN,3,3,216
mammography,BASIC,ADASYN,3,4,216
mammography,BASIC,ADASYN,3,5,216
mammography,BASIC,ADASYN,5,1,216
mammography,BASIC,ADASYN,5,2,216
mammography,BASIC,ADASYN,5,3,216
mammography,BASIC,ADASYN,5,4,216
mammography,BASIC,ADASYN,5,5,216
mammography,BASIC,ADASYN,7,1,216
mammography,BASIC,ADASYN,7,2,216
mammography,BASIC,ADASYN,7,3,216
mammography,BASIC,ADASYN,7,4,216
mammography,BASIC,ADASYN,7,5,216
mammography,BASIC,BorderlineSMOTE,3,1,216
mammography,BASIC,BorderlineSMOTE,3,2,216
mammography,BASIC,BorderlineSMOTE,3,3,216
mammography,BASIC,BorderlineSMOTE,3,4,216
mammography,BASIC,BorderlineSMOTE,3,5,216
mammography,BASIC,BorderlineSMOTE,5,1,216
mammography,BASIC,BorderlineSMOTE,5,2,216
mammography,BASIC,BorderlineSMOTE,5,3,216
mammography,BASIC,BorderlineSMOTE,5,4,216
mammography,BASIC,BorderlineSMOTE,5,5,216
mammography,BASIC,SMOTE,3,1,216
mammography,BASIC,SMOTE,3,2,216
mammography,BASIC,SMOTE,3,3,216
mammography,BASIC,SMOTE,3,4,216
mammography,BASIC,SMOTE,3,5,216
mammography,BASIC,SMOTE,5,1,216
mammography,BASIC,SMOTE,5,2,216
mammography,BASIC,SMOTE,5,3,216
mammography,BASIC,SMOTE,5,4,216
mammography,BASIC,SMOTE,5,5,216
mammography,BASIC,SMOTE,7,1,216
mammography,BASIC,SMOTE,7,2,216
mammography,BASIC,SMOTE,7,3,216
mammography,BASIC,SMOTE,7,4,216
mammography,BASIC,SMOTE,7,5,216
oil,ADVANCED,ADASYN,3,1,216
oil,ADVANCED,ADASYN,3,2,216
oil,ADVANCED,ADASYN,3,3,216
oil,ADVANCED,ADASYN,3,4,216
oil,ADVANCED,ADASYN,3,5,216
oil,ADVANCED,ADASYN,5,1,216
oil,ADVANCED,ADASYN,5,2,216
oil,ADVANCED,ADASYN,5,3,216
oil,ADVANCED,ADASYN,5,4,216
oil,ADVANCED,ADASYN,5,5,216
oil,ADVANCED,ADASYN,7,1,216
oil,ADVANCED,ADASYN,7,2,216
oil,ADVANCED,ADASYN,7,3,216
oil,ADVANCED,ADASYN,7,4,216
oil,ADVANCED,ADASYN,7,5,216
oil,ADVANCED,BorderlineSMOTE,3,1,216
oil,ADVANCED,BorderlineSMOTE,3,2,216
oil,ADVANCED,BorderlineSMOTE,3,3,216
oil,ADVANCED,BorderlineSMOTE,3,4,216
oil,ADVANCED,BorderlineSMOTE,3,5,216
oil,ADVANCED,BorderlineSMOTE,5,1,216
oil,ADVANCED,BorderlineSMOTE,5,2,216
oil,ADVANCED,BorderlineSMOTE,5,3,216
oil,ADVANCED,BorderlineSMOTE,5,4,216
oil,ADVANCED,BorderlineSMOTE,5,5,216
oil,ADVANCED,BorderlineSMOTE,7,1,216
oil,ADVANCED,BorderlineSMOTE,7,2,216
oil,ADVANCED,BorderlineSMOTE,7,3,216
oil,ADVANCED,BorderlineSMOTE,7,4,216
oil,ADVANCED,BorderlineSMOTE,7,5,216
oil,ADVANCED,SMOTE,3,1,216
oil,ADVANCED,SMOTE,3,2,216
oil,ADVANCED,SMOTE,3,3,216
oil,ADVANCED,SMOTE,3,4,216
oil,ADVANCED,SMOTE,3,5,216
oil,ADVANCED,SMOTE,5,1,216
oil,ADVANCED,SMOTE,5,2,216
oil,ADVANCED,SMOTE,5,3,216
oil,ADVANCED,SMOTE,5,4,216
oil,ADVANCED,SMOTE,5,5,216
oil,ADVANCED,SMOTE,7,1,216
oil,ADVANCED,SMOTE,7,2,216
oil,ADVANCED,SMOTE,7,3,216
oil,ADVANCED,SMOTE,7,4,216
oil,ADVANCED,SMOTE,7,5,216
oil,BASIC,ADASYN,3,1,216
oil,BASIC,ADASYN,3,2,216
oil,BASIC,ADASYN,3,3,216
oil,BASIC,ADASYN,3,4,216
oil,BASIC,ADASYN,3,5,216
oil,BASIC,ADASYN,5,1,216
oil,BASIC,ADASYN,5,2,216
oil,BASIC,ADASYN,5,3,216
oil,BASIC,ADASYN,5,4,216
oil,BASIC,ADASYN,5,5,216
oil,BASIC,ADASYN,7,1,216
oil,BASIC,ADASYN,7,2,216
oil,BASIC,ADASYN,7,3,216
oil,BASIC,ADASYN,7,4,216
oil,BASIC,ADASYN,7,5,216
oil,BASIC,BorderlineSMOTE,3,1,216
oil,BASIC,BorderlineSMOTE,3,2,216
oil,BASIC,BorderlineSMOTE,3,3,216
oil,BASIC,BorderlineSMOTE,3,4,216
oil,BASIC,BorderlineSMOTE,3,5,216
oil,BASIC,BorderlineSMOTE,5,1,216
oil,BASIC,BorderlineSMOTE,5,2,216
oil,BASIC,BorderlineSMOTE,5,3,216
oil,BASIC,BorderlineSMOTE,5,4,216
oil,BASIC,BorderlineSMOTE,5,5,216
oil,BASIC,BorderlineSMOTE,7,1,216
oil,BASIC,BorderlineSMOTE,7,2,216
oil,BASIC,BorderlineSMOTE,7,3,216
oil,BASIC,BorderlineSMOTE,7,4,216
oil,BASIC,BorderlineSMOTE,7,5,216
oil,BASIC,SMOTE,3,1,216
oil,BASIC,SMOTE,3,2,216
oil,BASIC,SMOTE,3,3,216
oil,BASIC,SMOTE,3,4,216
oil,BASIC,SMOTE,3,5,216
oil,BASIC,SMOTE,5,1,216
oil,BASIC,SMOTE,5,2,216
oil,BASIC,SMOTE,5,3,216
oil,BASIC,SMOTE,5,4,216
oil,BASIC,SMOTE,5,5,216
oil,BASIC,SMOTE,7,1,216
oil,BASIC,SMOTE,7,2,216
oil,BASIC,SMOTE,7,3,216
oil,BASIC,SMOTE,7,4,216
oil,BASIC,SMOTE,7,5,216
optical_digits,ADVANCED,ADASYN,3,1,216
optical_digits,ADVANCED,ADASYN,3,2,216
optical_digits,ADVANCED,ADASYN,3,3,216
optical_digits,ADVANCED,ADASYN,3,4,216
optical_digits,ADVANCED,ADASYN,3,5,216
optical_digits,ADVANCED,ADASYN,5,1,216
optical_digits,ADVANCED,ADASYN,5,2,216
optical_digits,ADVANCED,ADASYN,5,3,216
optical_digits,ADVANCED,ADASYN,5,4,216
optical_digits,ADVANCED,ADASYN,5,5,216
optical_digits,ADVANCED,ADASYN,7,1,216
optical_digits,ADVANCED,ADASYN,7,2,216
optical_digits,ADVANCED,ADASYN,7,3,216
optical_digits,ADVANCED,ADASYN,7,4,216
optical_digits,ADVANCED,ADASYN,7,5,216
optical_digits,ADVANCED,BorderlineSMOTE,3,1,216
optical_digits,ADVANCED,BorderlineSMOTE,3,2,216
optical_digits,ADVANCED,BorderlineSMOTE,3,3,216
optical_digits,ADVANCED,BorderlineSMOTE,3,4,216
optical_digits,ADVANCED,BorderlineSMOTE,3,5,216
optical_digits,ADVANCED,BorderlineSMOTE,5,1,216
optical_digits,ADVANCED,BorderlineSMOTE,5,2,216
optical_digits,ADVANCED,BorderlineSMOTE,5,3,216
optical_digits,ADVANCED,BorderlineSMOTE,5,4,216
optical_digits,ADVANCED,BorderlineSMOTE,5,5,216
optical_digits,ADVANCED,BorderlineSMOTE,7,1,216
optical_digits,ADVANCED,BorderlineSMOTE,7,2,216
optical_digits,ADVANCED,BorderlineSMOTE,7,3,216
optical_digits,ADVANCED,BorderlineSMOTE,7,4,216
optical_digits,ADVANCED,BorderlineSMOTE,7,5,216
optical_digits,ADVANCED,SMOTE,3,1,216
optical_digits,ADVANCED,SMOTE,3,2,216
optical_digits,ADVANCED,SMOTE,3,3,216
optical_digits,ADVANCED,SMOTE,3,4,216
optical_digits,ADVANCED,SMOTE,3,5,216
optical_digits,ADVANCED,SMOTE,5,1,216
optical_digits,ADVANCED,SMOTE,5,2,216
optical_digits,ADVANCED,SMOTE,5,3,216
optical_digits,ADVANCED,SMOTE,5,4,216
optical_digits,ADVANCED,SMOTE,5,5,216
optical_digits,ADVANCED,SMOTE,7,1,216
optical_digits,ADVANCED,SMOTE,7,2,216
optical_digits,ADVANCED,SMOTE,7,3,216
optical_digits,ADVANCED,SMOTE,7,4,216
optical_digits,ADVANCED,SMOTE,7,5,216
optical_digits,BASIC,ADASYN,3,1,216
optical_digits,BASIC,ADASYN,3,2,216
optical_digits,BASIC,ADASYN,3,3,216
optical_digits,BASIC,ADASYN,3,4,216
optical_digits,BASIC,ADASYN,3,5,216
optical_digits,BASIC,ADASYN,5,1,216
optical_digits,BASIC,ADASYN,5,2,216
optical_digits,BASIC,ADASYN,5,3,216
optical_digits,BASIC,ADASYN,5,4,216
optical_digits,BASIC,ADASYN,5,5,216
optical_digits,BASIC,BorderlineSMOTE,3,1,216
optical_digits,BASIC,BorderlineSMOTE,3,2,216
optical_digits,BASIC,BorderlineSMOTE,3,3,216
optical_digits,BASIC,BorderlineSMOTE,3,4,216
optical_digits,BASIC,BorderlineSMOTE,3,5,216
optical_digits,BASIC,BorderlineSMOTE,5,1,216
optical_digits,BASIC,BorderlineSMOTE,5,2,216
optical_digits,BASIC,BorderlineSMOTE,5,3,216
optical_digits,BASIC,BorderlineSMOTE,5,4,216
optical_digits,BASIC,BorderlineSMOTE,5,5,216
optical_digits,BASIC,BorderlineSMOTE,7,1,216
optical_digits,BASIC,BorderlineSMOTE,7,2,216
optical_digits,BASIC,BorderlineSMOTE,7,3,216
optical_digits,BASIC,BorderlineSMOTE,7,4,216
optical_digits,BASIC,BorderlineSMOTE,7,5,216
optical_digits,BASIC,SMOTE,3,1,216
optical_digits,BASIC,SMOTE,3,2,216
optical_digits,BASIC,SMOTE,3,3,216
optical_digits,BASIC,SMOTE,3,4,216
optical_digits,BASIC,SMOTE,3,5,216
optical_digits,BASIC,SMOTE,5,1,216
optical_digits,BASIC,SMOTE,5,2,216
optical_digits,BASIC,SMOTE,5,3,216
optical_digits,BASIC,SMOTE,5,4,216
optical_digits,BASIC,SMOTE,5,5,216
optical_digits,BASIC,SMOTE,7,1,216
optical_digits,BASIC,SMOTE,7,2,216
optical_digits,BASIC,SMOTE,7,3,216
optical_digits,BASIC,SMOTE,7,4,216
optical_digits,BASIC,SMOTE,7,5,216
ozone_level,ADVANCED,ADASYN,3,1,216
ozone_level,ADVANCED,ADASYN,3,2,216
ozone_level,ADVANCED,ADASYN,3,3,216
ozone_level,ADVANCED,ADASYN,3,4,216
ozone_level,ADVANCED,ADASYN,3,5,216
ozone_level,ADVANCED,ADASYN,5,1,216
ozone_level,ADVANCED,ADASYN,5,2,216
ozone_level,ADVANCED,ADASYN,5,3,216
ozone_level,ADVANCED,ADASYN,5,4,216
ozone_level,ADVANCED,ADASYN,5,5,216
ozone_level,ADVANCED,ADASYN,7,1,216
ozone_level,ADVANCED,ADASYN,7,2,216
ozone_level,ADVANCED,ADASYN,7,3,216
ozone_level,ADVANCED,ADASYN,7,4,216
ozone_level,ADVANCED,ADASYN,7,5,216
ozone_level,ADVANCED,BorderlineSMOTE,3,1,216
ozone_level,ADVANCED,BorderlineSMOTE,3,2,216
ozone_level,ADVANCED,BorderlineSMOTE,3,3,216
ozone_level,ADVANCED,BorderlineSMOTE,3,4,216
ozone_level,ADVANCED,BorderlineSMOTE,3,5,216
ozone_level,ADVANCED,BorderlineSMOTE,5,1,216
ozone_level,ADVANCED,BorderlineSMOTE,5,2,216
ozone_level,ADVANCED,BorderlineSMOTE,5,3,216
ozone_level,ADVANCED,BorderlineSMOTE,5,4,216
ozone_level,ADVANCED,BorderlineSMOTE,5,5,216
ozone_level,ADVANCED,BorderlineSMOTE,7,1,216
ozone_level,ADVANCED,BorderlineSMOTE,7,2,216
ozone_level,ADVANCED,BorderlineSMOTE,7,3,216
ozone_level,ADVANCED,BorderlineSMOTE,7,4,216
ozone_level,ADVANCED,BorderlineSMOTE,7,5,216
ozone_level,ADVANCED,SMOTE,3,1,216
ozone_level,ADVANCED,SMOTE,3,2,216
ozone_level,ADVANCED,SMOTE,3,3,216
ozone_level,ADVANCED,SMOTE,3,4,216
ozone_level,ADVANCED,SMOTE,3,5,216
ozone_level,ADVANCED,SMOTE,5,1,216
ozone_level,ADVANCED,SMOTE,5,2,216
ozone_level,ADVANCED,SMOTE,5,3,216
ozone_level,ADVANCED,SMOTE,5,4,216
ozone_level,ADVANCED,SMOTE,5,5,216
ozone_level,ADVANCED,SMOTE,7,1,216
ozone_level,ADVANCED,SMOTE,7,2,216
ozone_level,ADVANCED,SMOTE,7,3,216
ozone_level,ADVANCED,SMOTE,7,4,216
ozone_level,ADVANCED,SMOTE,7,5,216
ozone_level,BASIC,ADASYN,3,1,216
ozone_level,BASIC,ADASYN,3,2,216
ozone_level,BASIC,ADASYN,3,3,216
ozone_level,BASIC,ADASYN,3,4,216
ozone_level,BASIC,ADASYN,3,5,216
ozone_level,BASIC,ADASYN,5,1,216
ozone_level,BASIC,ADASYN,5,2,216
ozone_level,BASIC,ADASYN,5,3,216
ozone_level,BASIC,ADASYN,5,4,216
ozone_level,BASIC,ADASYN,5,5,216
ozone_level,BASIC,ADASYN,7,1,216
ozone_level,BASIC,ADASYN,7,2,216
ozone_level,BASIC,ADASYN,7,3,216
ozone_level,BASIC,ADASYN,7,4,216
ozone_level,BASIC,ADASYN,7,5,216
ozone_level,BASIC,BorderlineSMOTE,3,1,216
ozone_level,BASIC,BorderlineSMOTE,3,2,216
ozone_level,BASIC,BorderlineSMOTE,3,3,216
ozone_level,BASIC,BorderlineSMOTE,3,4,216
ozone_level,BASIC,BorderlineSMOTE,3,5,216
ozone_level,BASIC,BorderlineSMOTE,5,1,216
ozone_level,BASIC,BorderlineSMOTE,5,2,216
ozone_level,BASIC,BorderlineSMOTE,5,3,216
ozone_level,BASIC,BorderlineSMOTE,5,4,216
ozone_level,BASIC,BorderlineSMOTE,5,5,216
ozone_level,BASIC,SMOTE,3,1,216
ozone_level,BASIC,SMOTE,3,2,216
ozone_level,BASIC,SMOTE,3,3,216
ozone_level,BASIC,SMOTE,3,4,216
ozone_level,BASIC,SMOTE,3,5,216
ozone_level,BASIC,SMOTE,5,1,216
ozone_level,BASIC,SMOTE,5,2,216
ozone_level,BASIC,SMOTE,5,3,216
ozone_level,BASIC,SMOTE,5,4,216
ozone_level,BASIC,SMOTE,5,5,216
ozone_level,BASIC,SMOTE,7,1,216
ozone_level,BASIC,SMOTE,7,2,216
ozone_level,BASIC,SMOTE,7,3,216
ozone_level,BASIC,SMOTE,7,4,216
ozone_level,BASIC,SMOTE,7,5,216
pen_digits,ADVANCED,ADASYN,3,1,216
pen_digits,ADVANCED,ADASYN,3,2,216
pen_digits,ADVANCED,ADASYN,3,3,216
pen_digits,ADVANCED,ADASYN,3,4,216
pen_digits,ADVANCED,ADASYN,3,5,216
pen_digits,ADVANCED,ADASYN,5,1,216
pen_digits,ADVANCED,ADASYN,5,2,216
pen_digits,ADVANCED,ADASYN,5,3,216
pen_digits,ADVANCED,ADASYN,5,4,216
pen_digits,ADVANCED,ADASYN,5,5,216
pen_digits,ADVANCED,ADASYN,7,1,216
pen_digits,ADVANCED,ADASYN,7,2,216
pen_digits,ADVANCED,ADASYN,7,3,216
pen_digits,ADVANCED,ADASYN,7,4,216
pen_digits,ADVANCED,ADASYN,7,5,216
pen_digits,ADVANCED,BorderlineSMOTE,3,1,216
pen_digits,ADVANCED,BorderlineSMOTE,3,2,216
pen_digits,ADVANCED,BorderlineSMOTE,3,3,216
pen_digits,ADVANCED,BorderlineSMOTE,3,4,216
pen_digits,ADVANCED,BorderlineSMOTE,3,5,216
pen_digits,ADVANCED,BorderlineSMOTE,5,1,216
pen_digits,ADVANCED,BorderlineSMOTE,5,2,216
pen_digits,ADVANCED,BorderlineSMOTE,5,3,216
pen_digits,ADVANCED,BorderlineSMOTE,5,4,216
pen_digits,ADVANCED,BorderlineSMOTE,5,5,216
pen_digits,ADVANCED,BorderlineSMOTE,7,1,216
pen_digits,ADVANCED,BorderlineSMOTE,7,2,216
pen_digits,ADVANCED,BorderlineSMOTE,7,3,216
pen_digits,ADVANCED,BorderlineSMOTE,7,4,216
pen_digits,ADVANCED,BorderlineSMOTE,7,5,216
pen_digits,ADVANCED,SMOTE,3,1,216
pen_digits,ADVANCED,SMOTE,3,2,216
pen_digits,ADVANCED,SMOTE,3,3,216
pen_digits,ADVANCED,SMOTE,3,4,216
pen_digits,ADVANCED,SMOTE,3,5,216
pen_digits,ADVANCED,SMOTE,5,1,216
pen_digits,ADVANCED,SMOTE,5,2,216
pen_digits,ADVANCED,SMOTE,5,3,216
pen_digits,ADVANCED,SMOTE,5,4,216
pen_digits,ADVANCED,SMOTE,5,5,216
pen_digits,ADVANCED,SMOTE,7,1,216
pen_digits,ADVANCED,SMOTE,7,2,216
pen_digits,ADVANCED,SMOTE,7,3,216
pen_digits,ADVANCED,SMOTE,7,4,216
pen_digits,ADVANCED,SMOTE,7,5,216
pen_digits,BASIC,ADASYN,3,1,216
pen_digits,BASIC,ADASYN,3,2,216
pen_digits,BASIC,ADASYN,3,3,216
pen_digits,BASIC,ADASYN,3,4,216
pen_digits,BASIC,ADASYN,3,5,216
pen_digits,BASIC,ADASYN,5,1,216
pen_digits,BASIC,ADASYN,5,2,216
pen_digits,BASIC,ADASYN,5,3,216
pen_digits,BASIC,ADASYN,5,4,216
pen_digits,BASIC,ADASYN,5,5,216
pen_digits,BASIC,BorderlineSMOTE,3,1,216
pen_digits,BASIC,BorderlineSMOTE,3,2,216
pen_digits,BASIC,BorderlineSMOTE,3,3,216
pen_digits,BASIC,BorderlineSMOTE,3,4,216
pen_digits,BASIC,BorderlineSMOTE,3,5,216
pen_digits,BASIC,BorderlineSMOTE,5,1,216
pen_digits,BASIC,BorderlineSMOTE,5,2,216
pen_digits,BASIC,BorderlineSMOTE,5,3,216
pen_digits,BASIC,BorderlineSMOTE,5,4,216
pen_digits,BASIC,BorderlineSMOTE,5,5,216
pen_digits,BASIC,BorderlineSMOTE,7,1,216
pen_digits,BASIC,BorderlineSMOTE,7,2,216
pen_digits,BASIC,BorderlineSMOTE,7,3,216
pen_digits,BASIC,BorderlineSMOTE,7,4,216
pen_digits,BASIC,BorderlineSMOTE,7,5,216
pen_digits,BASIC,SMOTE,3,1,216
pen_digits,BASIC,SMOTE,3,2,216
pen_digits,BASIC,SMOTE,3,3,216
pen_digits,BASIC,SMOTE,3,4,216
pen_digits,BASIC,SMOTE,3,5,216
pen_digits,BASIC,SMOTE,5,1,216
pen_digits,BASIC,SMOTE,5,2,216
pen_digits,BASIC,SMOTE,5,3,216
pen_digits,BASIC,SMOTE,5,4,216
pen_digits,BASIC,SMOTE,5,5,216
pen_digits,BASIC,SMOTE,7,1,216
pen_digits,BASIC,SMOTE,7,2,216
pen_digits,BASIC,SMOTE,7,3,216
pen_digits,BASIC,SMOTE,7,4,216
pen_digits,BASIC,SMOTE,7,5,216
satimage,ADVANCED,ADASYN,3,1,216
satimage,ADVANCED,ADASYN,3,2,216
satimage,ADVANCED,ADASYN,3,3,216
satimage,ADVANCED,ADASYN,3,4,216
satimage,ADVANCED,ADASYN,3,5,216
satimage,ADVANCED,ADASYN,5,1,216
satimage,ADVANCED,ADASYN,5,2,216
satimage,ADVANCED,ADASYN,5,3,216
satimage,ADVANCED,ADASYN,5,4,216
satimage,ADVANCED,ADASYN,5,5,216
satimage,ADVANCED,ADASYN,7,1,216
satimage,ADVANCED,ADASYN,7,2,216
satimage,ADVANCED,ADASYN,7,3,216
satimage,ADVANCED,ADASYN,7,4,216
satimage,ADVANCED,ADASYN,7,5,216
satimage,ADVANCED,BorderlineSMOTE,3,1,216
satimage,ADVANCED,BorderlineSMOTE,3,2,216
satimage,ADVANCED,BorderlineSMOTE,3,3,216
satimage,ADVANCED,BorderlineSMOTE,3,4,216
satimage,ADVANCED,BorderlineSMOTE,3,5,216
satimage,ADVANCED,BorderlineSMOTE,5,1,216
satimage,ADVANCED,BorderlineSMOTE,5,2,216
satimage,ADVANCED,BorderlineSMOTE,5,3,216
satimage,ADVANCED,BorderlineSMOTE,5,4,216
satimage,ADVANCED,BorderlineSMOTE,5,5,216
satimage,ADVANCED,BorderlineSMOTE,7,1,216
satimage,ADVANCED,BorderlineSMOTE,7,2,216
satimage,ADVANCED,BorderlineSMOTE,7,3,216
satimage,ADVANCED,BorderlineSMOTE,7,4,216
satimage,ADVANCED,BorderlineSMOTE,7,5,216
satimage,ADVANCED,SMOTE,3,1,216
satimage,ADVANCED,SMOTE,3,2,216
satimage,ADVANCED,SMOTE,3,3,216
satimage,ADVANCED,SMOTE,3,4,216
satimage,ADVANCED,SMOTE,3,5,216
satimage,ADVANCED,SMOTE,5,1,216
satimage,ADVANCED,SMOTE,5,2,216
satimage,ADVANCED,SMOTE,5,3,216
satimage,ADVANCED,SMOTE,5,4,216
satimage,ADVANCED,SMOTE,5,5,216
satimage,ADVANCED,SMOTE,7,1,216
satimage,ADVANCED,SMOTE,7,2,216
satimage,ADVANCED,SMOTE,7,3,216
satimage,ADVANCED,SMOTE,7,4,216
satimage,ADVANCED,SMOTE,7,5,216
satimage,BASIC,ADASYN,3,1,216
satimage,BASIC,ADASYN,3,2,216
satimage,BASIC,ADASYN,3,3,216
satimage,BASIC,ADASYN,3,4,216
satimage,BASIC,ADASYN,3,5,216
satimage,BASIC,ADASYN,5,1,216
satimage,BASIC,ADASYN,5,2,216
satimage,BASIC,ADASYN,5,3,216
satimage,BASIC,ADASYN,5,4,216
satimage,BASIC,ADASYN,5,5,216
satimage,BASIC,BorderlineSMOTE,3,1,216
satimage,BASIC,BorderlineSMOTE,3,2,216
satimage,BASIC,BorderlineSMOTE,3,3,216
satimage,BASIC,BorderlineSMOTE,3,4,216
satimage,BASIC,BorderlineSMOTE,3,5,216
satimage,BASIC,BorderlineSMOTE,5,1,216
satimage,BASIC,BorderlineSMOTE,5,2,216
satimage,BASIC,BorderlineSMOTE,5,3,216
satimage,BASIC,BorderlineSMOTE,5,4,216
satimage,BASIC,BorderlineSMOTE,5,5,216
satimage,BASIC,BorderlineSMOTE,7,1,216
satimage,BASIC,BorderlineSMOTE,7,2,216
satimage,BASIC,BorderlineSMOTE,7,3,216
satimage,BASIC,BorderlineSMOTE,7,4,216
satimage,BASIC,BorderlineSMOTE,7,5,216
satimage,BASIC,SMOTE,3,1,216
satimage,BASIC,SMOTE,3,2,216
satimage,BASIC,SMOTE,3,3,216
satimage,BASIC,SMOTE,3,4,216
satimage,BASIC,SMOTE,3,5,216
satimage,BASIC,SMOTE,5,1,216
satimage,BASIC,SMOTE,5,2,216
satimage,BASIC,SMOTE,5,3,216
satimage,BASIC,SMOTE,5,4,216
satimage,BASIC,SMOTE,5,5,216
satimage,BASIC,SMOTE,7,1,216
satimage,BASIC,SMOTE,7,2,216
satimage,BASIC,SMOTE,7,3,216
satimage,BASIC,SMOTE,7,4,216
satimage,BASIC,SMOTE,7,5,216
scene,ADVANCED,ADASYN,3,1,216
scene,ADVANCED,ADASYN,3,2,216
scene,ADVANCED,ADASYN,3,3,216
scene,ADVANCED,ADASYN,3,4,216
scene,ADVANCED,ADASYN,3,5,216
scene,ADVANCED,ADASYN,5,1,216
scene,ADVANCED,ADASYN,5,2,216
scene,ADVANCED,ADASYN,5,3,216
scene,ADVANCED,ADASYN,5,4,216
scene,ADVANCED,ADASYN,5,5,216
scene,ADVANCED,ADASYN,7,1,216
scene,ADVANCED,ADASYN,7,2,216
scene,ADVANCED,ADASYN,7,3,216
scene,ADVANCED,ADASYN,7,4,216
scene,ADVANCED,ADASYN,7,5,216
scene,ADVANCED,BorderlineSMOTE,3,1,216
scene,ADVANCED,BorderlineSMOTE,3,2,216
scene,ADVANCED,BorderlineSMOTE,3,3,216
scene,ADVANCED,BorderlineSMOTE,3,4,216
scene,ADVANCED,BorderlineSMOTE,3,5,216
scene,ADVANCED,BorderlineSMOTE,5,1,216
scene,ADVANCED,BorderlineSMOTE,5,2,216
scene,ADVANCED,BorderlineSMOTE,5,3,216
scene,ADVANCED,BorderlineSMOTE,5,4,216
scene,ADVANCED,BorderlineSMOTE,5,5,216
scene,ADVANCED,BorderlineSMOTE,7,1,216
scene,ADVANCED,BorderlineSMOTE,7,2,216
scene,ADVANCED,BorderlineSMOTE,7,3,216
scene,ADVANCED,BorderlineSMOTE,7,4,216
scene,ADVANCED,BorderlineSMOTE,7,5,216
scene,ADVANCED,SMOTE,3,1,216
scene,ADVANCED,SMOTE,3,2,216
scene,ADVANCED,SMOTE,3,3,216
scene,ADVANCED,SMOTE,3,4,216
scene,ADVANCED,SMOTE,3,5,216
scene,ADVANCED,SMOTE,5,1,216
scene,ADVANCED,SMOTE,5,2,216
scene,ADVANCED,SMOTE,5,3,216
scene,ADVANCED,SMOTE,5,4,216
scene,ADVANCED,SMOTE,5,5,216
scene,ADVANCED,SMOTE,7,1,216
scene,ADVANCED,SMOTE,7,2,216
scene,ADVANCED,SMOTE,7,3,216
scene,ADVANCED,SMOTE,7,4,216
scene,ADVANCED,SMOTE,7,5,216
scene,BASIC,ADASYN,3,1,216
scene,BASIC,ADASYN,3,2,216
scene,BASIC,ADASYN,3,3,216
scene,BASIC,ADASYN,3,4,216
scene,BASIC,ADASYN,3,5,216
scene,BASIC,ADASYN,5,1,216
scene,BASIC,ADASYN,5,2,216
scene,BASIC,ADASYN,5,3,216
scene,BASIC,ADASYN,5,4,216
scene,BASIC,ADASYN,5,5,216
scene,BASIC,ADASYN,7,5,216
scene,BASIC,BorderlineSMOTE,3,1,216
scene,BASIC,BorderlineSMOTE,3,2,216
scene,BASIC,BorderlineSMOTE,3,3,216
scene,BASIC,BorderlineSMOTE,3,4,216
scene,BASIC,BorderlineSMOTE,3,5,216
scene,BASIC,BorderlineSMOTE,5,1,216
scene,BASIC,BorderlineSMOTE,5,2,216
scene,BASIC,BorderlineSMOTE,5,3,216
scene,BASIC,BorderlineSMOTE,5,4,216
scene,BASIC,BorderlineSMOTE,5,5,216
scene,BASIC,BorderlineSMOTE,7,1,216
scene,BASIC,BorderlineSMOTE,7,2,216
scene,BASIC,BorderlineSMOTE,7,3,216
scene,BASIC,BorderlineSMOTE,7,4,216
scene,BASIC,BorderlineSMOTE,7,5,216
scene,BASIC,SMOTE,3,1,216
scene,BASIC,SMOTE,3,2,216
scene,BASIC,SMOTE,3,3,216
scene,BASIC,SMOTE,3,4,216
scene,BASIC,SMOTE,3,5,216
scene,BASIC,SMOTE,5,1,216
scene,BASIC,SMOTE,5,2,216
scene,BASIC,SMOTE,5,3,216
scene,BASIC,SMOTE,5,4,216
scene,BASIC,SMOTE,5,5,216
scene,BASIC,SMOTE,7,1,216
scene,BASIC,SMOTE,7,2,216
scene,BASIC,SMOTE,7,3,216
scene,BASIC,SMOTE,7,4,216
scene,BASIC,SMOTE,7,5,216
sick_euthyroid,ADVANCED,ADASYN,3,1,216
sick_euthyroid,ADVANCED,ADASYN,3,2,216
sick_euthyroid,ADVANCED,ADASYN,3,3,216
sick_euthyroid,ADVANCED,ADASYN,3,4,216
sick_euthyroid,ADVANCED,ADASYN,3,5,216
sick_euthyroid,ADVANCED,ADASYN,5,1,216
sick_euthyroid,ADVANCED,ADASYN,5,2,216
sick_euthyroid,ADVANCED,ADASYN,5,3,216
sick_euthyroid,ADVANCED,ADASYN,5,4,216
sick_euthyroid,ADVANCED,ADASYN,5,5,216
sick_euthyroid,ADVANCED,ADASYN,7,1,216
sick_euthyroid,ADVANCED,ADASYN,7,2,216
sick_euthyroid,ADVANCED,ADASYN,7,3,216
sick_euthyroid,ADVANCED,ADASYN,7,4,216
sick_euthyroid,ADVANCED,ADASYN,7,5,216
sick_euthyroid,ADVANCED,BorderlineSMOTE,3,1,216
sick_euthyroid,ADVANCED,BorderlineSMOTE,3,2,216
sick_euthyroid,ADVANCED,BorderlineSMOTE,3,3,216
sick_euthyroid,ADVANCED,BorderlineSMOTE,3,4,216
sick_euthyroid,ADVANCED,BorderlineSMOTE,3,5,216
sick_euthyroid,ADVANCED,BorderlineSMOTE,5,1,216
sick_euthyroid,ADVANCED,BorderlineSMOTE,5,2,216
sick_euthyroid,ADVANCED,BorderlineSMOTE,5,3,216
sick_euthyroid,ADVANCED,BorderlineSMOTE,5,4,216
sick_euthyroid,ADVANCED,BorderlineSMOTE,5,5,216
sick_euthyroid,ADVANCED,BorderlineSMOTE,7,1,216
sick_euthyroid,ADVANCED,BorderlineSMOTE,7,2,216
sick_euthyroid,ADVANCED,BorderlineSMOTE,7,3,216
sick_euthyroid,ADVANCED,BorderlineSMOTE,7,4,216
sick_euthyroid,ADVANCED,BorderlineSMOTE,7,5,216
sick_euthyroid,ADVANCED,SMOTE,3,1,216
sick_euthyroid,ADVANCED,SMOTE,3,2,216
sick_euthyroid,ADVANCED,SMOTE,3,3,216
sick_euthyroid,ADVANCED,SMOTE,3,4,216
sick_euthyroid,ADVANCED,SMOTE,3,5,216
sick_euthyroid,ADVANCED,SMOTE,5,1,216
sick_euthyroid,ADVANCED,SMOTE,5,2,216
sick_euthyroid,ADVANCED,SMOTE,5,3,216
sick_euthyroid,ADVANCED,SMOTE,5,4,216
sick_euthyroid,ADVANCED,SMOTE,5,5,216
sick_euthyroid,ADVANCED,SMOTE,7,1,216
sick_euthyroid,ADVANCED,SMOTE,7,2,216
sick_euthyroid,ADVANCED,SMOTE,7,3,216
sick_euthyroid,ADVANCED,SMOTE,7,4,216
sick_euthyroid,ADVANCED,SMOTE,7,5,216
sick_euthyroid,BASIC,ADASYN,3,1,216
sick_euthyroid,BASIC,ADASYN,3,2,216
sick_euthyroid,BASIC,ADASYN,3,3,216
sick_euthyroid,BASIC,ADASYN,3,4,216
sick_euthyroid,BASIC,ADASYN,3,5,216
sick_euthyroid,BASIC,ADASYN,5,1,216
sick_euthyroid,BASIC,ADASYN,5,2,216
sick_euthyroid,BASIC,ADASYN,5,3,216
sick_euthyroid,BASIC,ADASYN,5,4,216
sick_euthyroid,BASIC,ADASYN,5,5,216
sick_euthyroid,BASIC,BorderlineSMOTE,3,1,216
sick_euthyroid,BASIC,BorderlineSMOTE,3,2,216
sick_euthyroid,BASIC,BorderlineSMOTE,3,3,216
sick_euthyroid,BASIC,BorderlineSMOTE,3,4,216
sick_euthyroid,BASIC,BorderlineSMOTE,3,5,216
sick_euthyroid,BASIC,BorderlineSMOTE,5,1,216
sick_euthyroid,BASIC,BorderlineSMOTE,5,2,216
sick_euthyroid,BASIC,BorderlineSMOTE,5,3,216
sick_euthyroid,BASIC,BorderlineSMOTE,5,4,216
sick_euthyroid,BASIC,BorderlineSMOTE,5,5,216
sick_euthyroid,BASIC,BorderlineSMOTE,7,1,216
sick_euthyroid,BASIC,BorderlineSMOTE,7,2,216
sick_euthyroid,BASIC,BorderlineSMOTE,7,3,216
sick_euthyroid,BASIC,BorderlineSMOTE,7,4,216
sick_euthyroid,BASIC,BorderlineSMOTE,7,5,216
sick_euthyroid,BASIC,SMOTE,3,1,216
sick_euthyroid,BASIC,SMOTE,3,2,216
sick_euthyroid,BASIC,SMOTE,3,3,216
sick_euthyroid,BASIC,SMOTE,3,4,216
sick_euthyroid,BASIC,SMOTE,3,5,216
sick_euthyroid,BASIC,SMOTE,5,1,216
sick_euthyroid,BASIC,SMOTE,5,2,216
sick_euthyroid,BASIC,SMOTE,5,3,216
sick_euthyroid,BASIC,SMOTE,5,4,216
sick_euthyroid,BASIC,SMOTE,5,5,216
sick_euthyroid,BASIC,SMOTE,7,1,216
sick_euthyroid,BASIC,SMOTE,7,2,216
sick_euthyroid,BASIC,SMOTE,7,3,216
sick_euthyroid,BASIC,SMOTE,7,4,216
sick_euthyroid,BASIC,SMOTE,7,5,216
solar_flare_m0,ADVANCED,ADASYN,3,1,216
solar_flare_m0,ADVANCED,ADASYN,3,2,216
solar_flare_m0,ADVANCED,ADASYN,3,3,216
solar_flare_m0,ADVANCED,ADASYN,3,4,216
solar_flare_m0,ADVANCED,ADASYN,3,5,216
solar_flare_m0,ADVANCED,ADASYN,5,1,216
solar_flare_m0,ADVANCED,ADASYN,5,2,216
solar_flare_m0,ADVANCED,ADASYN,5,3,216
solar_flare_m0,ADVANCED,ADASYN,5,4,216
solar_flare_m0,ADVANCED,ADASYN,5,5,216
solar_flare_m0,ADVANCED,ADASYN,7,1,216
solar_flare_m0,ADVANCED,ADASYN,7,2,216
solar_flare_m0,ADVANCED,ADASYN,7,3,216
solar_flare_m0,ADVANCED,ADASYN,7,4,216
solar_flare_m0,ADVANCED,ADASYN,7,5,216
solar_flare_m0,ADVANCED,BorderlineSMOTE,3,1,216
solar_flare_m0,ADVANCED,BorderlineSMOTE,3,2,216
solar_flare_m0,ADVANCED,BorderlineSMOTE,3,3,216
solar_flare_m0,ADVANCED,BorderlineSMOTE,3,4,216
solar_flare_m0,ADVANCED,BorderlineSMOTE,3,5,216
solar_flare_m0,ADVANCED,BorderlineSMOTE,5,1,216
solar_flare_m0,ADVANCED,BorderlineSMOTE,5,2,216
solar_flare_m0,ADVANCED,BorderlineSMOTE,5,3,216
solar_flare_m0,ADVANCED,BorderlineSMOTE,5,4,216
solar_flare_m0,ADVANCED,BorderlineSMOTE,5,5,216
solar_flare_m0,ADVANCED,BorderlineSMOTE,7,1,216
solar_flare_m0,ADVANCED,BorderlineSMOTE,7,2,216
solar_flare_m0,ADVANCED,BorderlineSMOTE,7,3,216
solar_flare_m0,ADVANCED,BorderlineSMOTE,7,4,216
solar_flare_m0,ADVANCED,BorderlineSMOTE,7,5,216
solar_flare_m0,ADVANCED,SMOTE,3,1,216
solar_flare_m0,ADVANCED,SMOTE,3,2,216
solar_flare_m0,ADVANCED,SMOTE,3,3,216
solar_flare_m0,ADVANCED,SMOTE,3,4,216
solar_flare_m0,ADVANCED,SMOTE,3,5,216
solar_flare_m0,ADVANCED,SMOTE,5,1,216
solar_flare_m0,ADVANCED,SMOTE,5,2,216
solar_flare_m0,ADVANCED,SMOTE,5,3,216
solar_flare_m0,ADVANCED,SMOTE,5,4,216
solar_flare_m0,ADVANCED,SMOTE,5,5,216
solar_flare_m0,ADVANCED,SMOTE,7,1,216
solar_flare_m0,ADVANCED,SMOTE,7,2,216
solar_flare_m0,ADVANCED,SMOTE,7,3,216
solar_flare_m0,ADVANCED,SMOTE,7,4,216
solar_flare_m0,ADVANCED,SMOTE,7,5,216
solar_flare_m0,BASIC,ADASYN,3,1,216
solar_flare_m0,BASIC,ADASYN,3,2,216
solar_flare_m0,BASIC,ADASYN,3,3,216
solar_flare_m0,BASIC,ADASYN,3,4,216
solar_flare_m0,BASIC,ADASYN,3,5,216
solar_flare_m0,BASIC,ADASYN,5,1,216
solar_flare_m0,BASIC,ADASYN,5,2,216
solar_flare_m0,BASIC,ADASYN,5,3,216
solar_flare_m0,BASIC,ADASYN,5,4,216
solar_flare_m0,BASIC,ADASYN,5,5,216
solar_flare_m0,BASIC,ADASYN,7,1,216
solar_flare_m0,BASIC,ADASYN,7,2,216
solar_flare_m0,BASIC,ADASYN,7,3,216
solar_flare_m0,BASIC,ADASYN,7,4,216
solar_flare_m0,BASIC,ADASYN,7,5,216
solar_flare_m0,BASIC,BorderlineSMOTE,3,1,216
solar_flare_m0,BASIC,BorderlineSMOTE,3,2,216
solar_flare_m0,BASIC,BorderlineSMOTE,3,3,216
solar_flare_m0,BASIC,BorderlineSMOTE,3,4,216
solar_flare_m0,BASIC,BorderlineSMOTE,3,5,216
solar_flare_m0,BASIC,BorderlineSMOTE,5,1,216
solar_flare_m0,BASIC,BorderlineSMOTE,5,2,216
solar_flare_m0,BASIC,BorderlineSMOTE,5,3,216
solar_flare_m0,BASIC,BorderlineSMOTE,5,4,216
solar_flare_m0,BASIC,BorderlineSMOTE,5,5,216
solar_flare_m0,BASIC,BorderlineSMOTE,7,1,216
solar_flare_m0,BASIC,BorderlineSMOTE,7,2,216
solar_flare_m0,BASIC,BorderlineSMOTE,7,3,216
solar_flare_m0,BASIC,BorderlineSMOTE,7,4,216
solar_flare_m0,BASIC,BorderlineSMOTE,7,5,216
solar_flare_m0,BASIC,SMOTE,3,1,216
solar_flare_m0,BASIC,SMOTE,3,2,216
solar_flare_m0,BASIC,SMOTE,3,3,216
solar_flare_m0,BASIC,SMOTE,3,4,216
solar_flare_m0,BASIC,SMOTE,3,5,216
solar_flare_m0,BASIC,SMOTE,5,1,216
solar_flare_m0,BASIC,SMOTE,5,2,216
solar_flare_m0,BASIC,SMOTE,5,3,216
solar_flare_m0,BASIC,SMOTE,5,4,216
solar_flare_m0,BASIC,SMOTE,5,5,216
solar_flare_m0,BASIC,SMOTE,7,1,216
solar_flare_m0,BASIC,SMOTE,7,2,216
solar_flare_m0,BASIC,SMOTE,7,3,216
solar_flare_m0,BASIC,SMOTE,7,4,216
solar_flare_m0,BASIC,SMOTE,7,5,216
spectrometer,ADVANCED,ADASYN,3,1,216
spectrometer,ADVANCED,ADASYN,3,2,216
spectrometer,ADVANCED,ADASYN,3,3,216
spectrometer,ADVANCED,ADASYN,3,4,216
spectrometer,ADVANCED,ADASYN,3,5,216
spectrometer,ADVANCED,ADASYN,5,1,216
spectrometer,ADVANCED,ADASYN,5,2,216
spectrometer,ADVANCED,ADASYN,5,3,216
spectrometer,ADVANCED,ADASYN,5,4,216
spectrometer,ADVANCED,ADASYN,5,5,216
spectrometer,ADVANCED,ADASYN,7,1,216
spectrometer,ADVANCED,ADASYN,7,2,216
spectrometer,ADVANCED,ADASYN,7,3,216
spectrometer,ADVANCED,ADASYN,7,4,216
spectrometer,ADVANCED,ADASYN,7,5,216
spectrometer,ADVANCED,BorderlineSMOTE,3,1,216
spectrometer,ADVANCED,BorderlineSMOTE,3,2,216
spectrometer,ADVANCED,BorderlineSMOTE,3,3,216
spectrometer,ADVANCED,BorderlineSMOTE,3,4,216
spectrometer,ADVANCED,BorderlineSMOTE,3,5,216
spectrometer,ADVANCED,BorderlineSMOTE,5,1,216
spectrometer,ADVANCED,BorderlineSMOTE,5,2,216
spectrometer,ADVANCED,BorderlineSMOTE,5,3,216
spectrometer,ADVANCED,BorderlineSMOTE,5,4,216
spectrometer,ADVANCED,BorderlineSMOTE,5,5,216
spectrometer,ADVANCED,BorderlineSMOTE,7,1,216
spectrometer,ADVANCED,BorderlineSMOTE,7,2,216
spectrometer,ADVANCED,BorderlineSMOTE,7,3,216
spectrometer,ADVANCED,BorderlineSMOTE,7,4,216
spectrometer,ADVANCED,BorderlineSMOTE,7,5,216
spectrometer,ADVANCED,SMOTE,3,1,216
spectrometer,ADVANCED,SMOTE,3,2,216
spectrometer,ADVANCED,SMOTE,3,3,216
spectrometer,ADVANCED,SMOTE,3,4,216
spectrometer,ADVANCED,SMOTE,3,5,216
spectrometer,ADVANCED,SMOTE,5,1,216
spectrometer,ADVANCED,SMOTE,5,2,216
spectrometer,ADVANCED,SMOTE,5,3,216
spectrometer,ADVANCED,SMOTE,5,4,216
spectrometer,ADVANCED,SMOTE,5,5,216
spectrometer,ADVANCED,SMOTE,7,1,216
spectrometer,ADVANCED,SMOTE,7,2,216
spectrometer,ADVANCED,SMOTE,7,3,216
spectrometer,ADVANCED,SMOTE,7,4,216
spectrometer,ADVANCED,SMOTE,7,5,216
spectrometer,BASIC,ADASYN,3,1,216
spectrometer,BASIC,ADASYN,3,2,216
spectrometer,BASIC,ADASYN,3,3,216
spectrometer,BASIC,ADASYN,3,4,216
spectrometer,BASIC,ADASYN,3,5,216
spectrometer,BASIC,ADASYN,5,1,216
spectrometer,BASIC,ADASYN,5,2,216
spectrometer,BASIC,ADASYN,5,3,216
spectrometer,BASIC,ADASYN,5,4,216
spectrometer,BASIC,ADASYN,5,5,216
spectrometer,BASIC,BorderlineSMOTE,3,1,216
spectrometer,BASIC,BorderlineSMOTE,3,2,216
spectrometer,BASIC,BorderlineSMOTE,3,3,216
spectrometer,BASIC,BorderlineSMOTE,3,4,216
spectrometer,BASIC,BorderlineSMOTE,3,5,216
spectrometer,BASIC,BorderlineSMOTE,5,1,216
spectrometer,BASIC,BorderlineSMOTE,5,2,216
spectrometer,BASIC,BorderlineSMOTE,5,3,216
spectrometer,BASIC,BorderlineSMOTE,5,4,216
spectrometer,BASIC,BorderlineSMOTE,5,5,216
spectrometer,BASIC,BorderlineSMOTE,7,1,216
spectrometer,BASIC,BorderlineSMOTE,7,2,216
spectrometer,BASIC,BorderlineSMOTE,7,3,216
spectrometer,BASIC,BorderlineSMOTE,7,4,216
spectrometer,BASIC,BorderlineSMOTE,7,5,216
spectrometer,BASIC,SMOTE,3,1,216
spectrometer,BASIC,SMOTE,3,2,216
spectrometer,BASIC,SMOTE,3,3,216
spectrometer,BASIC,SMOTE,3,4,216
spectrometer,BASIC,SMOTE,3,5,216
spectrometer,BASIC,SMOTE,5,1,216
spectrometer,BASIC,SMOTE,5,2,216
spectrometer,BASIC,SMOTE,5,3,216
spectrometer,BASIC,SMOTE,5,4,216
spectrometer,BASIC,SMOTE,5,5,216
spectrometer,BASIC,SMOTE,7,1,216
spectrometer,BASIC,SMOTE,7,2,216
spectrometer,BASIC,SMOTE,7,3,216
spectrometer,BASIC,SMOTE,7,4,216
spectrometer,BASIC,SMOTE,7,5,216
thyroid_sick,ADVANCED,ADASYN,3,1,216
thyroid_sick,ADVANCED,ADASYN,3,2,216
thyroid_sick,ADVANCED,ADASYN,3,3,216
thyroid_sick,ADVANCED,ADASYN,3,4,216
thyroid_sick,ADVANCED,ADASYN,3,5,216
thyroid_sick,ADVANCED,ADASYN,5,1,216
thyroid_sick,ADVANCED,ADASYN,5,2,216
thyroid_sick,ADVANCED,ADASYN,5,3,216
thyroid_sick,ADVANCED,ADASYN,5,4,216
thyroid_sick,ADVANCED,ADASYN,5,5,216
thyroid_sick,ADVANCED,ADASYN,7,1,216
thyroid_sick,ADVANCED,ADASYN,7,2,216
thyroid_sick,ADVANCED,ADASYN,7,3,216
thyroid_sick,ADVANCED,ADASYN,7,4,216
thyroid_sick,ADVANCED,ADASYN,7,5,216
thyroid_sick,ADVANCED,BorderlineSMOTE,3,1,216
thyroid_sick,ADVANCED,BorderlineSMOTE,3,2,216
thyroid_sick,ADVANCED,BorderlineSMOTE,3,3,216
thyroid_sick,ADVANCED,BorderlineSMOTE,3,4,216
thyroid_sick,ADVANCED,BorderlineSMOTE,3,5,216
thyroid_sick,ADVANCED,BorderlineSMOTE,5,1,216
thyroid_sick,ADVANCED,BorderlineSMOTE,5,2,216
thyroid_sick,ADVANCED,BorderlineSMOTE,5,3,216
thyroid_sick,ADVANCED,BorderlineSMOTE,5,4,216
thyroid_sick,ADVANCED,BorderlineSMOTE,5,5,216
thyroid_sick,ADVANCED,BorderlineSMOTE,7,1,216
thyroid_sick,ADVANCED,BorderlineSMOTE,7,2,216
thyroid_sick,ADVANCED,BorderlineSMOTE,7,3,216
thyroid_sick,ADVANCED,BorderlineSMOTE,7,4,216
thyroid_sick,ADVANCED,BorderlineSMOTE,7,5,216
thyroid_sick,ADVANCED,SMOTE,3,1,216
thyroid_sick,ADVANCED,SMOTE,3,2,216
thyroid_sick,ADVANCED,SMOTE,3,3,216
thyroid_sick,ADVANCED,SMOTE,3,4,216
thyroid_sick,ADVANCED,SMOTE,3,5,216
thyroid_sick,ADVANCED,SMOTE,5,1,216
thyroid_sick,ADVANCED,SMOTE,5,2,216
thyroid_sick,ADVANCED,SMOTE,5,3,216
thyroid_sick,ADVANCED,SMOTE,5,4,216
thyroid_sick,ADVANCED,SMOTE,5,5,216
thyroid_sick,ADVANCED,SMOTE,7,1,216
thyroid_sick,ADVANCED,SMOTE,7,2,216
thyroid_sick,ADVANCED,SMOTE,7,3,216
thyroid_sick,ADVANCED,SMOTE,7,4,216
thyroid_sick,ADVANCED,SMOTE,7,5,216
thyroid_sick,BASIC,ADASYN,3,1,216
thyroid_sick,BASIC,ADASYN,3,2,216
thyroid_sick,BASIC,ADASYN,3,3,216
thyroid_sick,BASIC,ADASYN,3,4,216
thyroid_sick,BASIC,ADASYN,3,5,216
thyroid_sick,BASIC,ADASYN,5,1,216
thyroid_sick,BASIC,ADASYN,5,2,216
thyroid_sick,BASIC,ADASYN,5,3,216
thyroid_sick,BASIC,ADASYN,5,4,216
thyroid_sick,BASIC,ADASYN,5,5,216
thyroid_sick,BASIC,ADASYN,7,1,216
thyroid_sick,BASIC,ADASYN,7,2,216
thyroid_sick,BASIC,ADASYN,7,3,216
thyroid_sick,BASIC,ADASYN,7,4,216
thyroid_sick,BASIC,ADASYN,7,5,216
thyroid_sick,BASIC,BorderlineSMOTE,3,1,216
thyroid_sick,BASIC,BorderlineSMOTE,3,2,216
thyroid_sick,BASIC,BorderlineSMOTE,3,3,216
thyroid_sick,BASIC,BorderlineSMOTE,3,4,216
thyroid_sick,BASIC,BorderlineSMOTE,3,5,216
thyroid_sick,BASIC,BorderlineSMOTE,5,1,216
thyroid_sick,BASIC,BorderlineSMOTE,5,2,216
thyroid_sick,BASIC,BorderlineSMOTE,5,3,216
thyroid_sick,BASIC,BorderlineSMOTE,5,4,216
thyroid_sick,BASIC,BorderlineSMOTE,5,5,216
thyroid_sick,BASIC,BorderlineSMOTE,7,1,216
thyroid_sick,BASIC,BorderlineSMOTE,7,2,216
thyroid_sick,BASIC,BorderlineSMOTE,7,3,216
thyroid_sick,BASIC,BorderlineSMOTE,7,4,216
thyroid_sick,BASIC,BorderlineSMOTE,7,5,216
thyroid_sick,BASIC,SMOTE,3,1,216
thyroid_sick,BASIC,SMOTE,3,2,216
thyroid_sick,BASIC,SMOTE,3,3,216
thyroid_sick,BASIC,SMOTE,3,4,216
thyroid_sick,BASIC,SMOTE,3,5,216
thyroid_sick,BASIC,SMOTE,5,1,216
thyroid_sick,BASIC,SMOTE,5,2,216
thyroid_sick,BASIC,SMOTE,5,3,216
thyroid_sick,BASIC,SMOTE,5,4,216
thyroid_sick,BASIC,SMOTE,5,5,216
thyroid_sick,BASIC,SMOTE,7,1,216
thyroid_sick,BASIC,SMOTE,7,2,216
thyroid_sick,BASIC,SMOTE,7,3,216
thyroid_sick,BASIC,SMOTE,7,4,216
thyroid_sick,BASIC,SMOTE,7,5,216
us_crime,ADVANCED,ADASYN,3,1,216
us_crime,ADVANCED,ADASYN,3,2,216
us_crime,ADVANCED,ADASYN,3,3,216
us_crime,ADVANCED,ADASYN,3,4,216
us_crime,ADVANCED,ADASYN,3,5,216
us_crime,ADVANCED,ADASYN,5,1,216
us_crime,ADVANCED,ADASYN,5,2,216
us_crime,ADVANCED,ADASYN,5,3,216
us_crime,ADVANCED,ADASYN,5,4,216
us_crime,ADVANCED,ADASYN,5,5,216
us_crime,ADVANCED,ADASYN,7,1,216
us_crime,ADVANCED,ADASYN,7,2,216
us_crime,ADVANCED,ADASYN,7,3,216
us_crime,ADVANCED,ADASYN,7,4,216
us_crime,ADVANCED,ADASYN,7,5,216
us_crime,ADVANCED,BorderlineSMOTE,3,1,216
us_crime,ADVANCED,BorderlineSMOTE,3,2,216
us_crime,ADVANCED,BorderlineSMOTE,3,3,216
us_crime,ADVANCED,BorderlineSMOTE,3,4,216
us_crime,ADVANCED,BorderlineSMOTE,3,5,216
us_crime,ADVANCED,BorderlineSMOTE,5,1,216
us_crime,ADVANCED,BorderlineSMOTE,5,2,216
us_crime,ADVANCED,BorderlineSMOTE,5,3,216
us_crime,ADVANCED,BorderlineSMOTE,5,4,216
us_crime,ADVANCED,BorderlineSMOTE,5,5,216
us_crime,ADVANCED,BorderlineSMOTE,7,1,216
us_crime,ADVANCED,BorderlineSMOTE,7,2,216
us_crime,ADVANCED,BorderlineSMOTE,7,3,216
us_crime,ADVANCED,BorderlineSMOTE,7,4,216
us_crime,ADVANCED,BorderlineSMOTE,7,5,216
us_crime,ADVANCED,SMOTE,3,1,216
us_crime,ADVANCED,SMOTE,3,2,216
us_crime,ADVANCED,SMOTE,3,3,216
us_crime,ADVANCED,SMOTE,3,4,216
us_crime,ADVANCED,SMOTE,3,5,216
us_crime,ADVANCED,SMOTE,5,1,216
us_crime,ADVANCED,SMOTE,5,2,216
us_crime,ADVANCED,SMOTE,5,3,216
us_crime,ADVANCED,SMOTE,5,4,216
us_crime,ADVANCED,SMOTE,5,5,216
us_crime,ADVANCED,SMOTE,7,1,216
us_crime,ADVANCED,SMOTE,7,2,216
us_crime,ADVANCED,SMOTE,7,3,216
us_crime,ADVANCED,SMOTE,7,4,216
us_crime,ADVANCED,SMOTE,7,5,216
us_crime,BASIC,ADASYN,3,1,216
us_crime,BASIC,ADASYN,3,2,216
us_crime,BASIC,ADASYN,3,3,216
us_crime,BASIC,ADASYN,3,4,216
us_crime,BASIC,ADASYN,3,5,216
us_crime,BASIC,ADASYN,5,1,216
us_crime,BASIC,ADASYN,5,2,216
us_crime,BASIC,ADASYN,5,3,216
us_crime,BASIC,ADASYN,5,4,216
us_crime,BASIC,ADASYN,5,5,216
us_crime,BASIC,BorderlineSMOTE,3,1,216
us_crime,BASIC,BorderlineSMOTE,3,2,216
us_crime,BASIC,BorderlineSMOTE,3,3,216
us_crime,BASIC,BorderlineSMOTE,3,4,216
us_crime,BASIC,BorderlineSMOTE,3,5,216
us_crime,BASIC,BorderlineSMOTE,5,1,216
us_crime,BASIC,BorderlineSMOTE,5,2,216
us_crime,BASIC,BorderlineSMOTE,5,3,216
us_crime,BASIC,BorderlineSMOTE,5,4,216
us_crime,BASIC,BorderlineSMOTE,5,5,216
us_crime,BASIC,BorderlineSMOTE,7,1,216
us_crime,BASIC,BorderlineSMOTE,7,2,216
us_crime,BASIC,BorderlineSMOTE,7,3,216
us_crime,BASIC,BorderlineSMOTE,7,4,216
us_crime,BASIC,BorderlineSMOTE,7,5,216
us_crime,BASIC,SMOTE,3,1,216
us_crime,BASIC,SMOTE,3,2,216
us_crime,BASIC,SMOTE,3,3,216
us_crime,BASIC,SMOTE,3,4,216
us_crime,BASIC,SMOTE,3,5,216
us_crime,BASIC,SMOTE,5,1,216
us_crime,BASIC,SMOTE,5,2,216
us_crime,BASIC,SMOTE,5,3,216
us_crime,BASIC,SMOTE,5,4,216
us_crime,BASIC,SMOTE,5,5,216
us_crime,BASIC,SMOTE,7,1,216
us_crime,BASIC,SMOTE,7,2,216
us_crime,BASIC,SMOTE,7,3,216
us_crime,BASIC,SMOTE,7,4,216
us_crime,BASIC,SMOTE,7,5,216
wine_quality,ADVANCED,ADASYN,3,1,216
wine_quality,ADVANCED,ADASYN,3,2,216
wine_quality,ADVANCED,ADASYN,3,3,216
wine_quality,ADVANCED,ADASYN,3,4,216
wine_quality,ADVANCED,ADASYN,3,5,216
wine_quality,ADVANCED,ADASYN,5,1,216
wine_quality,ADVANCED,ADASYN,5,2,216
wine_quality,ADVANCED,ADASYN,5,3,216
wine_quality,ADVANCED,ADASYN,5,4,216
wine_quality,ADVANCED,ADASYN,5,5,216
wine_quality,ADVANCED,ADASYN,7,1,216
wine_quality,ADVANCED,ADASYN,7,2,216
wine_quality,ADVANCED,ADASYN,7,3,216
wine_quality,ADVANCED,ADASYN,7,4,216
wine_quality,ADVANCED,ADASYN,7,5,216
wine_quality,ADVANCED,BorderlineSMOTE,3,1,216
wine_quality,ADVANCED,BorderlineSMOTE,3,2,216
wine_quality,ADVANCED,BorderlineSMOTE,3,3,216
wine_quality,ADVANCED,BorderlineSMOTE,3,4,216
wine_quality,ADVANCED,BorderlineSMOTE,3,5,216
wine_quality,ADVANCED,BorderlineSMOTE,5,1,216
wine_quality,ADVANCED,BorderlineSMOTE,5,2,216
wine_quality,ADVANCED,BorderlineSMOTE,5,3,216
wine_quality,ADVANCED,BorderlineSMOTE,5,4,216
wine_quality,ADVANCED,BorderlineSMOTE,5,5,216
wine_quality,ADVANCED,BorderlineSMOTE,7,1,216
wine_quality,ADVANCED,BorderlineSMOTE,7,2,216
wine_quality,ADVANCED,BorderlineSMOTE,7,3,216
wine_quality,ADVANCED,BorderlineSMOTE,7,4,216
wine_quality,ADVANCED,BorderlineSMOTE,7,5,216
wine_quality,ADVANCED,SMOTE,3,1,216
wine_quality,ADVANCED,SMOTE,3,2,216
wine_quality,ADVANCED,SMOTE,3,3,216
wine_quality,ADVANCED,SMOTE,3,4,216
wine_quality,ADVANCED,SMOTE,3,5,216
wine_quality,ADVANCED,SMOTE,5,1,216
wine_quality,ADVANCED,SMOTE,5,2,216
wine_quality,ADVANCED,SMOTE,5,3,216
wine_quality,ADVANCED,SMOTE,5,4,216
wine_quality,ADVANCED,SMOTE,5,5,216
wine_quality,ADVANCED,SMOTE,7,1,216
wine_quality,ADVANCED,SMOTE,7,2,216
wine_quality,ADVANCED,SMOTE,7,3,216
wine_quality,ADVANCED,SMOTE,7,4,216
wine_quality,ADVANCED,SMOTE,7,5,216
wine_quality,BASIC,ADASYN,3,1,216
wine_quality,BASIC,ADASYN,3,2,216
wine_quality,BASIC,ADASYN,3,3,216
wine_quality,BASIC,ADASYN,3,4,216
wine_quality,BASIC,ADASYN,3,5,216
wine_quality,BASIC,ADASYN,5,1,216
wine_quality,BASIC,ADASYN,5,2,216
wine_quality,BASIC,ADASYN,5,3,216
wine_quality,BASIC,ADASYN,5,4,216
wine_quality,BASIC,ADASYN,5,5,216
wine_quality,BASIC,ADASYN,7,1,216
wine_quality,BASIC,ADASYN,7,2,216
wine_quality,BASIC,ADASYN,7,3,216
wine_quality,BASIC,ADASYN,7,4,216
wine_quality,BASIC,ADASYN,7,5,216
wine_quality,BASIC,BorderlineSMOTE,3,1,216
wine_quality,BASIC,BorderlineSMOTE,3,2,216
wine_quality,BASIC,BorderlineSMOTE,3,3,216
wine_quality,BASIC,BorderlineSMOTE,3,4,216
wine_quality,BASIC,BorderlineSMOTE,3,5,216
wine_quality,BASIC,BorderlineSMOTE,5,1,216
wine_quality,BASIC,BorderlineSMOTE,5,2,216
wine_quality,BASIC,BorderlineSMOTE,5,3,216
wine_quality,BASIC,BorderlineSMOTE,5,4,216
wine_quality,BASIC,BorderlineSMOTE,5,5,216
wine_quality,BASIC,SMOTE,3,1,216
wine_quality,BASIC,SMOTE,3,2,216
wine_quality,BASIC,SMOTE,3,3,216
wine_quality,BASIC,SMOTE,3,4,216
wine_quality,BASIC,SMOTE,3,5,216
wine_quality,BASIC,SMOTE,5,1,216
wine_quality,BASIC,SMOTE,5,2,216
wine_quality,BASIC,SMOTE,5,3,216
wine_quality,BASIC,SMOTE,5,4,216
wine_quality,BASIC,SMOTE,5,5,216
wine_quality,BASIC,SMOTE,7,1,216
wine_quality,BASIC,SMOTE,7,2,216
wine_quality,BASIC,SMOTE,7,3,216
wine_quality,BASIC,SMOTE,7,4,216
wine_quality,BASIC,SMOTE,7,5,216
yeast_me2,ADVANCED,ADASYN,3,1,216
yeast_me2,ADVANCED,ADASYN,3,2,216
yeast_me2,ADVANCED,ADASYN,3,3,216
yeast_me2,ADVANCED,ADASYN,3,4,216
yeast_me2,ADVANCED,ADASYN,3,5,216
yeast_me2,ADVANCED,ADASYN,5,1,216
yeast_me2,ADVANCED,ADASYN,5,2,216
yeast_me2,ADVANCED,ADASYN,5,3,216
yeast_me2,ADVANCED,ADASYN,5,4,216
yeast_me2,ADVANCED,ADASYN,5,5,216
yeast_me2,ADVANCED,ADASYN,7,1,216
yeast_me2,ADVANCED,ADASYN,7,2,216
yeast_me2,ADVANCED,ADASYN,7,3,216
yeast_me2,ADVANCED,ADASYN,7,4,216
yeast_me2,ADVANCED,ADASYN,7,5,216
yeast_me2,ADVANCED,BorderlineSMOTE,3,1,216
yeast_me2,ADVANCED,BorderlineSMOTE,3,2,216
yeast_me2,ADVANCED,BorderlineSMOTE,3,3,216
yeast_me2,ADVANCED,BorderlineSMOTE,3,4,216
yeast_me2,ADVANCED,BorderlineSMOTE,3,5,216
yeast_me2,ADVANCED,BorderlineSMOTE,5,1,216
yeast_me2,ADVANCED,BorderlineSMOTE,5,2,216
yeast_me2,ADVANCED,BorderlineSMOTE,5,3,216
yeast_me2,ADVANCED,BorderlineSMOTE,5,4,216
yeast_me2,ADVANCED,BorderlineSMOTE,5,5,216
yeast_me2,ADVANCED,BorderlineSMOTE,7,1,216
yeast_me2,ADVANCED,BorderlineSMOTE,7,2,216
yeast_me2,ADVANCED,BorderlineSMOTE,7,3,216
yeast_me2,ADVANCED,BorderlineSMOTE,7,4,216
yeast_me2,ADVANCED,BorderlineSMOTE,7,5,216
yeast_me2,ADVANCED,SMOTE,3,1,216
yeast_me2,ADVANCED,SMOTE,3,2,216
yeast_me2,ADVANCED,SMOTE,3,3,216
yeast_me2,ADVANCED,SMOTE,3,4,216
yeast_me2,ADVANCED,SMOTE,3,5,216
yeast_me2,ADVANCED,SMOTE,5,1,216
yeast_me2,ADVANCED,SMOTE,5,2,216
yeast_me2,ADVANCED,SMOTE,5,3,216
yeast_me2,ADVANCED,SMOTE,5,4,216
yeast_me2,ADVANCED,SMOTE,5,5,216
yeast_me2,ADVANCED,SMOTE,7,1,216
yeast_me2,ADVANCED,SMOTE,7,2,216
yeast_me2,ADVANCED,SMOTE,7,3,216
yeast_me2,ADVANCED,SMOTE,7,4,216
yeast_me2,ADVANCED,SMOTE,7,5,216
yeast_me2,BASIC,ADASYN,3,1,216
yeast_me2,BASIC,ADASYN,3,2,216
yeast_me2,BASIC,ADASYN,3,3,216
yeast_me2,BASIC,ADASYN,3,4,216
yeast_me2,BASIC,ADASYN,3,5,216
yeast_me2,BASIC,ADASYN,5,1,216
yeast_me2,BASIC,ADASYN,5,2,216
yeast_me2,BASIC,ADASYN,5,3,216
yeast_me2,BASIC,ADASYN,5,4,216
yeast_me2,BASIC,ADASYN,5,5,216
yeast_me2,BASIC,ADASYN,7,1,216
yeast_me2,BASIC,ADASYN,7,2,216
yeast_me2,BASIC,ADASYN,7,3,216
yeast_me2,BASIC,ADASYN,7,4,216
yeast_me2,BASIC,ADASYN,7,5,216
yeast_me2,BASIC,BorderlineSMOTE,3,1,216
yeast_me2,BASIC,BorderlineSMOTE,3,2,216
yeast_me2,BASIC,BorderlineSMOTE,3,3,216
yeast_me2,BASIC,BorderlineSMOTE,3,4,216
yeast_me2,BASIC,BorderlineSMOTE,3,5,216
yeast_me2,BASIC,BorderlineSMOTE,5,1,216
yeast_me2,BASIC,BorderlineSMOTE,5,2,216
yeast_me2,BASIC,BorderlineSMOTE,5,3,216
yeast_me2,BASIC,BorderlineSMOTE,5,4,216
yeast_me2,BASIC,BorderlineSMOTE,5,5,216
yeast_me2,BASIC,SMOTE,3,1,216
yeast_me2,BASIC,SMOTE,3,2,216
yeast_me2,BASIC,SMOTE,3,3,216
yeast_me2,BASIC,SMOTE,3,4,216
yeast_me2,BASIC,SMOTE,3,5,216
yeast_me2,BASIC,SMOTE,5,1,216
yeast_me2,BASIC,SMOTE,5,2,216
yeast_me2,BASIC,SMOTE,5,3,216
yeast_me2,BASIC,SMOTE,5,4,216
yeast_me2,BASIC,SMOTE,5,5,216
yeast_me2,BASIC,SMOTE,7,1,216
yeast_me2,BASIC,SMOTE,7,2,216
yeast_me2,BASIC,SMOTE,7,3,216
yeast_me2,BASIC,SMOTE,7,4,216
yeast_me2,BASIC,SMOTE,7,5,216
yeast_ml8,ADVANCED,ADASYN,3,1,216
yeast_ml8,ADVANCED,ADASYN,3,2,216
yeast_ml8,ADVANCED,ADASYN,3,3,216
yeast_ml8,ADVANCED,ADASYN,3,4,216
yeast_ml8,ADVANCED,ADASYN,3,5,216
yeast_ml8,ADVANCED,ADASYN,5,1,216
yeast_ml8,ADVANCED,ADASYN,5,2,216
yeast_ml8,ADVANCED,ADASYN,5,3,216
yeast_ml8,ADVANCED,ADASYN,5,4,216
yeast_ml8,ADVANCED,ADASYN,5,5,216
yeast_ml8,ADVANCED,ADASYN,7,1,216
yeast_ml8,ADVANCED,ADASYN,7,2,216
yeast_ml8,ADVANCED,ADASYN,7,3,216
yeast_ml8,ADVANCED,ADASYN,7,4,216
yeast_ml8,ADVANCED,ADASYN,7,5,216
yeast_ml8,ADVANCED,BorderlineSMOTE,3,1,216
yeast_ml8,ADVANCED,BorderlineSMOTE,3,2,216
yeast_ml8,ADVANCED,BorderlineSMOTE,3,3,216
yeast_ml8,ADVANCED,BorderlineSMOTE,3,4,216
yeast_ml8,ADVANCED,BorderlineSMOTE,3,5,216
yeast_ml8,ADVANCED,BorderlineSMOTE,5,1,216
yeast_ml8,ADVANCED,BorderlineSMOTE,5,2,216
yeast_ml8,ADVANCED,BorderlineSMOTE,5,3,216
yeast_ml8,ADVANCED,BorderlineSMOTE,5,4,216
yeast_ml8,ADVANCED,BorderlineSMOTE,5,5,216
yeast_ml8,ADVANCED,BorderlineSMOTE,7,1,216
yeast_ml8,ADVANCED,BorderlineSMOTE,7,2,216
yeast_ml8,ADVANCED,BorderlineSMOTE,7,3,216
yeast_ml8,ADVANCED,BorderlineSMOTE,7,4,216
yeast_ml8,ADVANCED,BorderlineSMOTE,7,5,216
yeast_ml8,ADVANCED,SMOTE,3,1,216
yeast_ml8,ADVANCED,SMOTE,3,2,216
yeast_ml8,ADVANCED,SMOTE,3,3,216
yeast_ml8,ADVANCED,SMOTE,3,4,216
yeast_ml8,ADVANCED,SMOTE,3,5,216
yeast_ml8,ADVANCED,SMOTE,5,1,216
yeast_ml8,ADVANCED,SMOTE,5,2,216
yeast_ml8,ADVANCED,SMOTE,5,3,216
yeast_ml8,ADVANCED,SMOTE,5,4,216
yeast_ml8,ADVANCED,SMOTE,5,5,216
yeast_ml8,ADVANCED,SMOTE,7,1,216
yeast_ml8,ADVANCED,SMOTE,7,2,216
yeast_ml8,ADVANCED,SMOTE,7,3,216
yeast_ml8,ADVANCED,SMOTE,7,4,216
yeast_ml8,ADVANCED,SMOTE,7,5,216
yeast_ml8,BASIC,ADASYN,3,1,216
yeast_ml8,BASIC,ADASYN,3,2,216
yeast_ml8,BASIC,ADASYN,3,3,216
yeast_ml8,BASIC,ADASYN,3,4,216
yeast_ml8,BASIC,ADASYN,3,5,216
yeast_ml8,BASIC,ADASYN,5,1,216
yeast_ml8,BASIC,ADASYN,5,2,216
yeast_ml8,BASIC,ADASYN,5,3,216
yeast_ml8,BASIC,ADASYN,5,4,216
yeast_ml8,BASIC,ADASYN,5,5,216
yeast_ml8,BASIC,BorderlineSMOTE,3,1,216
yeast_ml8,BASIC,BorderlineSMOTE,3,2,216
yeast_ml8,BASIC,BorderlineSMOTE,3,3,216
yeast_ml8,BASIC,BorderlineSMOTE,3,4,216
yeast_ml8,BASIC,BorderlineSMOTE,3,5,216
yeast_ml8,BASIC,BorderlineSMOTE,5,1,216
yeast_ml8,BASIC,BorderlineSMOTE,5,2,216
yeast_ml8,BASIC,BorderlineSMOTE,5,3,216
yeast_ml8,BASIC,BorderlineSMOTE,5,4,216
yeast_ml8,BASIC,BorderlineSMOTE,5,5,216
yeast_ml8,BASIC,BorderlineSMOTE,7,1,216
yeast_ml8,BASIC,BorderlineSMOTE,7,2,216
yeast_ml8,BASIC,BorderlineSMOTE,7,3,216
yeast_ml8,BASIC,BorderlineSMOTE,7,4,216
yeast_ml8,BASIC,BorderlineSMOTE,7,5,216
yeast_ml8,BASIC,SMOTE,3,1,216
yeast_ml8,BASIC,SMOTE,3,2,216
yeast_ml8,BASIC,SMOTE,3,3,216
yeast_ml8,BASIC,SMOTE,3,4,216
yeast_ml8,BASIC,SMOTE,3,5,216
yeast_ml8,BASIC,SMOTE,5,1,216
yeast_ml8,BASIC,SMOTE,5,2,216
yeast_ml8,BASIC,SMOTE,5,3,216
yeast_ml8,BASIC,SMOTE,5,4,216
yeast_ml8,BASIC,SMOTE,5,5,216
yeast_ml8,BASIC,SMOTE,7,1,216
yeast_ml8,BASIC,SMOTE,7,2,216
yeast_ml8,BASIC,SMOTE,7,3,216
yeast_ml8,BASIC,SMOTE,7,4,216
yeast_ml8,BASIC,SMOTE,7,5,216
